tier,vbd_rank,adp_rank,value_gap,sleeper_flag,overvalued,valuation_basis,name,position,team,shrunk_ppg,active,injury_status
,,127.0,,False,False,"ADP-only, no stat history",MarShawn Lloyd,RB,GB,,True,
,,,,False,False,"ADP-only, no stat history",Jeff Driskel,QB,CLE,,True,
,,,,False,False,"ADP-only, no stat history",Shane Buechele,QB,KC,,True,
,,,,False,False,"ADP-only, no stat history",Case Keenum,QB,HOU,,True,
,,,,False,False,"ADP-only, no stat history",Skylar Thompson,QB,MIA,,True,IR
,,,,False,False,"ADP-only, no stat history",Adrian Martinez,QB,SF,,True,
,,,,False,False,"ADP-only, no stat history",Matt Barkley,QB,JAX,,True,
,,,,False,False,"ADP-only, no stat history",Logan Woodside,QB,ATL,,True,
,,,,False,False,"ADP-only, no stat history",Nathan Peterman,QB,CHI,,True,
,,,,False,False,"ADP-only, no stat history",Blaine Gabbert,QB,KC,,True,
,,,,False,False,"ADP-only, no stat history",Brian Hoyer,QB,LV,,True,
,,,,False,False,"ADP-only, no stat history",Sean Clifford,QB,GB,,True,
,,,,False,False,"ADP-only, no stat history",AJ McCarron,QB,CIN,,True,
,,,,False,False,"ADP-only, no stat history",Kedon Slovis,QB,ARI,,True,
,,,,False,False,"ADP-only, no stat history",Phil Mafah,RB,DAL,,True,
,,,,False,False,"ADP-only, no stat history",La'Mical Perine,RB,KC,,True,
,,,,False,False,"ADP-only, no stat history",Kristian Wilkerson,WR,LV,,True,
,,,,False,False,"ADP-only, no stat history",D.J. Montgomery,WR,IND,,True,IR
,,,,False,False,"ADP-only, no stat history",Jacob Kibodi,RB,CLE,,True,
,,,,False,False,"ADP-only, no stat history",Brittain Brown,RB,CHI,,True,IR
,,,,False,False,"ADP-only, no stat history",Elijah Dotson,RB,LAC,,True,
,,,,False,False,"ADP-only, no stat history",Blake Watson,RB,DEN,,True,
,,,,False,False,"ADP-only, no stat history",Jake Funk,RB,IND,,True,
,,,,False,False,"ADP-only, no stat history",Deon Jackson,RB,IND,,True,
,,,,False,False,"ADP-only, no stat history",Keelan Doss,WR,LAC,,True,
,,,,False,False,"ADP-only, no stat history",Jared Wayne,WR,HOU,,True,
,,,,False,False,"ADP-only, no stat history",Devine Ozigbo,RB,DET,,True,
,,,,False,False,"ADP-only, no stat history",Jacardia Wright,RB,SEA,,True,
,,,,False,False,"ADP-only, no stat history",Jacoby Jones,WR,WAS,,True,IR
,,,,False,False,"ADP-only, no stat history",Jakobie Keeney-James,WR,GB,,True,
,,,,False,False,"ADP-only, no stat history",Cody Schrader,RB,LA,,True,
,,,,False,False,"ADP-only, no stat history",Anthony Miller,WR,BAL,,True,
,,,,False,False,"ADP-only, no stat history",Xavier Restrepo,WR,TEN,,True,
,,,,False,False,"ADP-only, no stat history",James Robinson,RB,GB,,True,
,,,,False,False,"ADP-only, no stat history",Amar Johnson,RB,LAC,,True,
,,,,False,False,"ADP-only, no stat history",Tahj Washington,WR,MIA,,True,
,,,,False,False,"ADP-only, no stat history",Kenyan Drake,RB,BAL,,True,
,,,,False,False,"ADP-only, no stat history",Quentin Skinner,WR,NYJ,,True,
,,,,False,False,"ADP-only, no stat history",Kendric Pryor,WR,CIN,,True,
,,,,False,False,"ADP-only, no stat history",Kendall Milton,RB,CIN,,True,
,,,,False,False,"ADP-only, no stat history",John Ross,WR,PHI,,True,
,,,,False,False,"ADP-only, no stat history",Dante Miller,RB,NYG,,True,Questionable
,,,,False,False,"ADP-only, no stat history",D.J. Williams,RB,TB,,True,Questionable
,,,,False,False,"ADP-only, no stat history",John Kelly,RB,BAL,,True,
,,,,False,False,"ADP-only, no stat history",Mohamed Ibrahim,RB,DET,,True,
,,,,False,False,"ADP-only, no stat history",Keilan Robinson,RB,JAX,,True,Questionable
,,,,False,False,"ADP-only, no stat history",Lew Nichols III,RB,PIT,,True,
,,,,False,False,"ADP-only, no stat history",Ulysses Bentley IV,RB,IND,,True,
,,,,False,False,"ADP-only, no stat history",Jermar Jefferson,RB,DET,,True,IR
,,,,False,False,"ADP-only, no stat history",Jonathan Williams,RB,WAS,,True,
,,,,False,False,"ADP-only, no stat history",Leonard Fournette,RB,BUF,,True,
,,,,False,False,"ADP-only, no stat history",Kwamie Lassiter II,WR,CIN,,True,
,,,,False,False,"ADP-only, no stat history",Albert Okwuegbunam,TE,LV,,True,
,,,,False,False,"ADP-only, no stat history",Jase McClellan,RB,ATL,,True,
,,,,False,False,"ADP-only, no stat history",Jordan Watkins,WR,SF,,True,
,,,,False,False,"ADP-only, no stat history",Andy Isabella,WR,BUF,,True,Questionable
,,,,False,False,"ADP-only, no stat history",Amari Rodgers,WR,IND,,True,
,,,,False,False,"ADP-only, no stat history",Dalevon Campbell,WR,CAR,,True,IR
,,,,False,False,"ADP-only, no stat history",Jeshaun Jones,WR,MIN,,True,Sus
,,,,False,False,"ADP-only, no stat history",Damiere Byrd,WR,ATL,,True,
,,,,False,False,"ADP-only, no stat history",Stanley Morgan,WR,CIN,,True,
,,,,False,False,"ADP-only, no stat history",Juwann Winfree,WR,IND,,True,
,,,,False,False,"ADP-only, no stat history",Devon Allen,WR,PHI,,True,
,,,,False,False,"ADP-only, no stat history",Tyrion Davis-Price,RB,PHI,,True,
,,,,False,False,"ADP-only, no stat history",Willie Snead,WR,SF,,True,
,,,,False,False,"ADP-only, no stat history",Malik Taylor,WR,NYJ,,True,
,,,,False,False,"ADP-only, no stat history",Grant DuBose,WR,MIA,,True,Questionable
,,,,False,False,"ADP-only, no stat history",Trishton Jackson,WR,MIN,,True,
,,,,False,False,"ADP-only, no stat history",Josh Williams,RB,TB,,True,
,,,,False,False,"ADP-only, no stat history",Jalen Royals,WR,KC,,True,
,,,,False,False,"ADP-only, no stat history",Owen Wright,RB,TB,,True,
,,,,False,False,"ADP-only, no stat history",Troy Hairston,RB,HOU,,True,
,,,,False,False,"ADP-only, no stat history",Antoine Green,WR,DET,,True,
,,,,False,False,"ADP-only, no stat history",Tyreik McAllister,WR,LV,,True,
,,,,False,False,"ADP-only, no stat history",Malik Cunningham,WR,DET,,True,
,,,,False,False,"ADP-only, no stat history",Kaden Davis,WR,CLE,,True,
,,,,False,False,"ADP-only, no stat history",Phillip Dorsett,WR,DEN,,True,
,,,,False,False,"ADP-only, no stat history",Maurice Alexander,WR,DET,,True,
,,,,False,False,"ADP-only, no stat history",Dominic Lovett,WR,DET,,True,
,,,,False,False,"ADP-only, no stat history",Malik Turner,WR,SF,,True,
,,,,False,False,"ADP-only, no stat history",Kearis Jackson,WR,TEN,,True,
,,,,False,False,"ADP-only, no stat history",Jalen Moreno-Cropper,WR,DAL,,True,
,,,,False,False,"ADP-only, no stat history",Coleman Owen,WR,IND,,True,IR
,,,,False,False,"ADP-only, no stat history",Nick Muse,TE,MIN,,True,
,,,,False,False,"ADP-only, no stat history",Moliki Matavao,TE,NO,,True,IR
,,,,False,False,"ADP-only, no stat history",Cole Fotheringham,TE,LV,,True,
,,,,False,False,"ADP-only, no stat history",Drake Dabney,TE,GB,,True,
,,,,False,False,"ADP-only, no stat history",David Wells,TE,TB,,True,
,,,,False,False,"ADP-only, no stat history",Travis Vokolek,TE,ARI,,True,
,,,,False,False,"ADP-only, no stat history",Tre' McKitty,TE,LAC,,True,
,,,,False,False,"ADP-only, no stat history",Hayden Rucci,TE,MIA,,True,
,,,,False,False,"ADP-only, no stat history",Tyler Kroft,TE,MIA,,True,
,,,,False,False,"ADP-only, no stat history",Baylor Cupp,TE,KC,,True,
,,,,False,False,"ADP-only, no stat history",Stephen Anderson,TE,LAC,,True,
,,,,False,False,"ADP-only, no stat history",Parker Hesse,TE,ATL,,True,
,,,,False,False,"ADP-only, no stat history",Thomas Fidone II,TE,NYG,,True,
,,,,False,False,"ADP-only, no stat history",Darrell Daniels,TE,DET,,True,
,,,,False,False,"ADP-only, no stat history",Sal Cannella,TE,CLE,,True,
,,,,False,False,"ADP-only, no stat history",Zach Davidson,TE,BUF,,True,
,,,,False,False,"ADP-only, no stat history",Jelani Woods,TE,NYJ,,True,
,,,,False,False,"ADP-only, no stat history",Nikola Kalinic,TE,CHI,,True,IR
,,,,False,False,"ADP-only, no stat history",Princeton Fant,TE,DAL,,True,IR
,,,,False,False,"ADP-only, no stat history",Jordan Matthews,TE,CAR,,True,
,,,,False,False,"ADP-only, no stat history",Nate Carter,RB,ATL,,,
,,,,False,False,"ADP-only, no stat history",Mike Strachan,WR,CAR,,,
,,,,False,False,"ADP-only, no stat history",Henry Pearson,TE,GB,,,
1.0,1.0,3.0,2.0,False,False,VBD,Puka Nacua,WR,LA,18.99899240487512,True,Questionable
1.0,2.0,1.0,-1.0,False,False,VBD,Jahmyr Gibbs,RB,DET,18.860579531303006,True,
1.0,3.0,6.0,3.0,False,False,VBD,Christian McCaffrey,RB,SF,18.722141967763307,True,Questionable
2.0,4.0,4.0,0.0,False,False,VBD,Ja'Marr Chase,WR,CIN,18.57803534133032,True,Questionable
2.0,5.0,2.0,-3.0,False,False,VBD,Bijan Robinson,RB,ATL,18.4207373874458,True,
3.0,6.0,7.0,1.0,False,False,VBD,Amon-Ra St. Brown,WR,DET,17.757448575781357,True,
4.0,7.0,8.0,1.0,False,False,VBD,Jonathan Taylor,RB,IND,17.288399552841916,True,
4.0,8.0,9.0,1.0,False,False,VBD,De'Von Achane,RB,MIA,17.2309112099235,True,
5.0,9.0,29.0,20.0,True,False,VBD,Trey McBride,TE,ARI,14.678797993741982,True,
6.0,10.0,34.0,24.0,True,False,VBD,Josh Allen,QB,BUF,21.736596832318835,True,
7.0,11.0,10.0,-1.0,False,False,VBD,CeeDee Lamb,WR,DAL,16.243650170692046,True,
7.0,12.0,15.0,3.0,False,False,VBD,Derrick Henry,RB,BAL,15.99084265060369,True,
7.0,13.0,31.0,18.0,True,False,VBD,Kyren Williams,RB,LA,15.918594467629733,True,
8.0,14.0,18.0,4.0,False,False,VBD,Saquon Barkley,RB,PHI,15.684386586788111,True,
8.0,15.0,11.0,-4.0,False,False,VBD,James Cook,RB,BUF,15.592390523566154,True,
8.0,16.0,5.0,-11.0,False,False,VBD,Jaxon Smith-Njigba,WR,SEA,15.606438126051444,True,
8.0,17.0,98.0,81.0,True,False,VBD,George Kittle,TE,SF,13.247267501166002,True,Questionable
9.0,18.0,35.0,17.0,True,False,VBD,Brock Bowers,TE,LV,12.951199339006775,True,
9.0,19.0,57.0,38.0,True,False,VBD,Josh Jacobs,RB,GB,14.835375642769472,True,NA
9.0,20.0,23.0,3.0,False,False,VBD,Nico Collins,WR,HOU,14.826061941352757,True,
9.0,21.0,,,False,False,VBD,Joe Mixon,RB,HOU,14.68885344061886,True,Questionable
9.0,22.0,42.0,20.0,True,False,VBD,Davante Adams,WR,LA,14.739787459009264,True,
9.0,23.0,16.0,-7.0,False,False,VBD,Rashee Rice,WR,KC,14.696381564262712,True,
9.0,24.0,17.0,-7.0,False,False,VBD,A.J. Brown,WR,PHI,14.514991666566411,True,
9.0,25.0,12.0,-13.0,False,False,VBD,Justin Jefferson,WR,MIN,14.322231228404528,True,
9.0,26.0,14.0,-12.0,False,False,VBD,Drake London,WR,ATL,14.267675656451958,True,
10.0,27.0,80.0,53.0,True,False,VBD,Jalen Hurts,QB,PHI,19.135837214834545,True,
10.0,28.0,59.0,31.0,True,False,VBD,Lamar Jackson,QB,BAL,19.0915645337483,True,
10.0,29.0,,,False,False,VBD,Tyreek Hill,WR,MIA,13.815261346298014,True,Questionable
10.0,30.0,33.0,3.0,False,False,VBD,Breece Hall,RB,NYJ,13.49845537800532,True,Questionable
10.0,31.0,38.0,7.0,False,False,VBD,Tee Higgins,WR,CIN,13.545654959665162,True,Questionable
10.0,32.0,20.0,-12.0,False,False,VBD,George Pickens,WR,DAL,13.47171176610752,True,
10.0,33.0,111.0,78.0,True,False,VBD,Travis Kelce,TE,KC,11.32244574078689,True,
11.0,34.0,26.0,-8.0,False,False,VBD,Malik Nabers,WR,NYG,13.106503927397291,True,Questionable
11.0,35.0,115.0,80.0,True,False,VBD,Sam LaPorta,TE,DET,10.944236956751263,True,Questionable
11.0,36.0,13.0,-23.0,False,True,VBD,Chase Brown,RB,CIN,12.888934000501704,True,
11.0,37.0,19.0,-18.0,False,True,VBD,Chris Olave,WR,NO,12.974716808368091,True,
11.0,38.0,27.0,-11.0,False,False,VBD,Garrett Wilson,WR,NYJ,12.957468229752717,True,
11.0,39.0,170.0,131.0,True,False,VBD,Alvin Kamara,RB,NO,12.733072225853572,True,Questionable
11.0,40.0,97.0,57.0,True,False,VBD,Stefon Diggs,WR,NE,12.838182039391972,True,
11.0,41.0,43.0,2.0,False,False,VBD,D'Andre Swift,RB,CHI,12.61612783789837,True,
11.0,42.0,46.0,4.0,False,False,VBD,Bucky Irving,RB,TB,12.561173401844878,True,
11.0,43.0,25.0,-18.0,False,True,VBD,Zay Flowers,WR,BAL,12.649242168218333,True,Questionable
11.0,44.0,39.0,-5.0,False,False,VBD,Travis Etienne,RB,JAX,12.484220886026714,True,
11.0,45.0,56.0,11.0,False,False,VBD,Mike Evans,WR,TB,12.585785211766003,True,Questionable
11.0,46.0,86.0,40.0,True,False,VBD,Brock Purdy,QB,SF,17.830322175186563,True,
11.0,47.0,106.0,59.0,True,False,VBD,Patrick Mahomes,QB,KC,17.787035535314608,True,Questionable
11.0,48.0,61.0,13.0,False,False,VBD,Courtland Sutton,WR,DEN,12.466667560581657,True,
11.0,49.0,105.0,56.0,True,False,VBD,Tucker Kraft,TE,GB,10.309471023398048,True,Questionable
11.0,50.0,30.0,-20.0,False,True,VBD,DeVonta Smith,WR,PHI,12.42021676591281,True,
11.0,51.0,142.0,91.0,True,False,VBD,Keenan Allen,WR,LAC,12.3793595132526,True,
11.0,52.0,22.0,-30.0,False,True,VBD,Kenneth Walker III,RB,SEA,12.248774252914046,True,
11.0,53.0,118.0,65.0,True,False,VBD,Dallas Goedert,TE,PHI,10.22016065925239,True,
11.0,54.0,21.0,-33.0,False,True,VBD,Ashton Jeanty,RB,LV,12.077044829756971,True,Questionable
11.0,55.0,220.0,165.0,True,False,VBD,James Conner,RB,ARI,12.067158712747643,True,IR
11.0,56.0,36.0,-20.0,False,True,VBD,Javonte Williams,RB,DAL,11.94755297158821,True,
11.0,57.0,69.0,12.0,False,False,VBD,DK Metcalf,WR,PIT,12.02626871509485,True,Questionable
11.0,58.0,104.0,46.0,True,False,VBD,Jared Goff,QB,DET,17.19558943572561,True,
11.0,59.0,48.0,-11.0,False,False,VBD,Terry McLaurin,WR,WAS,11.901092404875117,True,
11.0,60.0,55.0,-5.0,False,False,VBD,David Montgomery,RB,DET,11.77501099012108,True,
11.0,61.0,47.0,-14.0,False,False,VBD,DJ Moore,WR,CHI,11.83854338920934,True,
11.0,62.0,77.0,15.0,False,False,VBD,Harold Fannin Jr.,TE,CLE,9.569393556263009,True,
11.0,63.0,62.0,-1.0,False,False,VBD,Rhamondre Stevenson,RB,NE,11.536621735331934,True,
11.0,64.0,,,False,False,VBD,David Njoku,TE,CLE,9.509428183090185,True,
11.0,65.0,81.0,16.0,True,False,VBD,Chris Godwin Jr.,WR,TB,11.614561475761027,True,
11.0,66.0,135.0,69.0,True,False,VBD,Baker Mayfield,QB,TB,16.860010488357187,True,
11.0,67.0,83.0,16.0,True,False,VBD,Kyle Pitts,TE,ATL,9.452397512943618,True,
11.0,68.0,58.0,-10.0,False,False,VBD,Joe Burrow,QB,CIN,16.792085241345934,True,
11.0,69.0,78.0,9.0,False,False,VBD,Matthew Stafford,QB,LA,16.784357476272454,True,
11.0,70.0,50.0,-20.0,False,True,VBD,Drake Maye,QB,NE,16.78052678756102,True,
11.0,71.0,40.0,-31.0,False,True,VBD,Ladd McConkey,WR,LAC,11.43255192591927,True,
11.0,72.0,117.0,45.0,True,False,VBD,Bo Nix,QB,DEN,16.68586494590899,True,
11.0,73.0,140.0,67.0,True,False,VBD,Jake Ferguson,TE,DAL,9.296475619405005,True,
11.0,74.0,70.0,-4.0,False,False,VBD,Tony Pollard,RB,TEN,11.316130019364474,True,
11.0,75.0,41.0,-34.0,False,True,VBD,Cam Skattebo,RB,NYG,11.312287934600745,True,
11.0,76.0,94.0,18.0,True,False,VBD,Trevor Lawrence,QB,JAX,16.652140952242632,True,
11.0,77.0,116.0,39.0,True,False,VBD,Deebo Samuel Sr.,WR,WAS,11.390303971505109,True,
11.0,78.0,107.0,29.0,True,False,VBD,Justin Herbert,QB,LAC,16.625325889474023,True,
11.0,79.0,79.0,0.0,False,False,VBD,Michael Pittman,WR,IND,11.34795432528754,True,Questionable
11.0,80.0,67.0,-13.0,False,False,VBD,Dak Prescott,QB,DAL,16.556185249041803,True,
11.0,81.0,68.0,-13.0,False,False,VBD,Tyler Warren,TE,IND,9.157680792947223,True,Questionable
11.0,82.0,138.0,56.0,True,False,VBD,Mark Andrews,TE,BAL,9.148114341226313,True,
11.0,83.0,188.0,105.0,True,False,VBD,Hunter Henry,TE,NE,9.121006697750673,True,
11.0,84.0,24.0,-60.0,False,True,VBD,Omarion Hampton,RB,LAC,11.09146873896069,True,
11.0,85.0,88.0,3.0,False,False,VBD,Jakobi Meyers,WR,JAX,11.1986934643059,True,Questionable
11.0,86.0,89.0,3.0,False,False,VBD,J.K. Dobbins,RB,DEN,11.07132411307009,True,
11.0,87.0,45.0,-42.0,False,True,VBD,Jameson Williams,WR,DET,11.186722208796686,True,
11.0,88.0,73.0,-15.0,False,False,VBD,Brian Thomas Jr.,WR,JAX,11.153968841473295,True,
11.0,89.0,110.0,21.0,True,False,VBD,Aaron Jones,RB,MIN,11.003887058759757,True,
11.0,90.0,63.0,-27.0,False,True,VBD,Jaylen Warren,RB,PIT,10.936020183480368,True,
11.0,91.0,227.0,136.0,True,False,VBD,Tank Dell,WR,HOU,11.051232439497744,True,IR
11.0,92.0,87.0,-5.0,False,False,VBD,Wan'Dale Robinson,WR,NYG,11.036900374884368,True,Questionable
11.0,93.0,75.0,-18.0,False,True,VBD,Jayden Daniels,QB,WAS,16.261828331239997,True,
11.0,94.0,44.0,-50.0,False,True,VBD,Jaylen Waddle,WR,MIA,10.996659838360015,True,
11.0,95.0,122.0,27.0,True,False,VBD,Rachaad White,RB,TB,10.818011260358263,True,Questionable
11.0,96.0,101.0,5.0,False,False,VBD,Jordan Addison,WR,MIN,10.89133319473286,True,
11.0,97.0,91.0,-6.0,False,False,VBD,Caleb Williams,QB,CHI,16.14348994590899,True,
11.0,98.0,159.0,61.0,True,False,VBD,Dalton Kincaid,TE,BUF,8.744118069434624,True,
11.0,99.0,218.0,119.0,True,False,VBD,Dalton Schultz,TE,HOU,8.728459739795756,True,
11.0,100.0,173.0,73.0,True,False,VBD,Juwan Johnson,TE,NO,8.701008026843292,True,
11.0,101.0,74.0,-27.0,False,True,VBD,Rico Dowdle,RB,CAR,10.667788265705855,True,
11.0,102.0,85.0,-17.0,False,True,VBD,Chuba Hubbard,RB,CAR,10.604549606106152,True,Questionable
11.0,103.0,235.0,132.0,True,False,VBD,T.J. Hockenson,TE,MIN,8.569420106618539,True,
11.0,104.0,,,False,False,VBD,Zach Ertz,TE,WAS,8.53562123681026,True,
11.0,105.0,54.0,-51.0,False,True,VBD,Colston Loveland,TE,CHI,8.5103026471721,True,
11.0,106.0,32.0,-74.0,False,True,VBD,Tetairoa McMillan,WR,CAR,10.545085790649228,True,
11.0,107.0,,,False,False,VBD,Darren Waller,TE,MIA,8.391110798930352,True,
11.0,108.0,99.0,-9.0,False,False,VBD,RJ Harvey,RB,DEN,10.403131786278712,True,
11.0,109.0,100.0,-9.0,False,False,VBD,Quentin Johnston,WR,LAC,10.507860977186589,True,
11.0,110.0,66.0,-44.0,False,True,VBD,TreVeyon Henderson,RB,NE,10.385740481930888,True,Questionable
11.0,111.0,,,False,False,VBD,Evan Engram,TE,DEN,8.294237977993095,True,
11.0,112.0,139.0,27.0,True,False,VBD,Kyler Murray,QB,ARI,15.60092837127143,True,
11.0,113.0,,,False,False,VBD,Brandon Aiyuk,WR,SF,10.227383311795696,True,DNR
11.0,114.0,95.0,-19.0,False,True,VBD,Jayden Reed,WR,GB,10.206909818374127,True,
11.0,115.0,60.0,-55.0,False,True,VBD,Christian Watson,WR,GB,10.162712377147225,True,
11.0,116.0,153.0,37.0,True,False,VBD,Jordan Love,QB,GB,15.350684753849182,True,
11.0,117.0,179.0,62.0,True,False,VBD,Tyrone Tracy Jr.,RB,NYG,9.98012052905311,True,Questionable
11.0,118.0,,,False,False,VBD,Cade Otton,TE,TB,7.9444212987981935,True,
11.0,119.0,156.0,37.0,True,False,VBD,Jauan Jennings,WR,SF,10.05373205348632,True,
11.0,120.0,49.0,-71.0,False,True,VBD,Quinshon Judkins,RB,CLE,9.923601554220518,True,
11.0,121.0,190.0,69.0,True,False,VBD,Cooper Kupp,WR,SEA,9.95170956199128,True,
11.0,122.0,76.0,-46.0,False,True,VBD,Michael Wilson,WR,ARI,9.929181371725551,True,
11.0,123.0,,,False,False,VBD,Zack Moss,RB,CIN,9.801985804035066,True,Questionable
11.0,124.0,65.0,-59.0,False,True,VBD,Marvin Harrison Jr.,WR,ARI,9.889400214247363,True,
11.0,125.0,,,False,False,VBD,Amari Cooper,WR,BUF,9.834420779948989,True,
11.0,126.0,53.0,-73.0,False,True,VBD,Rome Odunze,WR,CHI,9.822332637216554,True,
11.0,127.0,143.0,16.0,True,False,VBD,Zach Charbonnet,RB,SEA,9.672328372657727,True,PUP
11.0,128.0,247.0,119.0,True,False,VBD,Pat Freiermuth,TE,PIT,7.636298347389794,True,
11.0,129.0,103.0,-26.0,False,True,VBD,Khalil Shakir,WR,BUF,9.706994777074192,True,Questionable
11.0,130.0,37.0,-93.0,False,True,VBD,Emeka Egbuka,WR,TB,9.688564051518794,True,Questionable
11.0,131.0,71.0,-60.0,False,True,VBD,Alec Pierce,WR,IND,9.658331747433383,True,
11.0,132.0,,,False,False,VBD,Jonnu Smith,TE,PIT,7.500292249785723,True,
11.0,133.0,124.0,-9.0,False,False,VBD,Jaxson Dart,QB,NYG,14.85322989181798,True,
11.0,134.0,113.0,-21.0,False,True,VBD,Romeo Doubs,WR,GB,9.548303913493738,True,
11.0,135.0,,,False,False,VBD,Oronde Gadsden II,TE,LAC,7.406031344656485,True,
11.0,136.0,92.0,-44.0,False,True,VBD,Josh Downs,WR,IND,9.511127288569355,True,Questionable
12.0,137.0,189.0,52.0,True,False,VBD,C.J. Stroud,QB,HOU,14.508636857766666,True,
12.0,138.0,,,False,False,VBD,Kareem Hunt,RB,KC,8.985042930499043,True,
12.0,139.0,,,False,False,VBD,Tyler Higbee,TE,LA,6.960391908954495,True,
12.0,140.0,133.0,-7.0,False,False,VBD,Jerry Jeudy,WR,CLE,9.057724311075471,True,
12.0,141.0,,,False,False,VBD,Theo Johnson,TE,NYG,6.904313183567182,True,Questionable
12.0,142.0,,,False,False,VBD,Taysom Hill,TE,NO,6.8954352541882304,True,
12.0,143.0,169.0,26.0,True,False,VBD,Calvin Ridley,WR,TEN,9.00342031271356,True,
12.0,144.0,,,False,False,VBD,Logan Thomas,TE,WAS,6.8603026471721,True,
12.0,145.0,,,False,False,VBD,AJ Barner,TE,SEA,6.795283575916974,True,
12.0,146.0,232.0,86.0,True,False,VBD,Brenton Strange,TE,JAX,6.76623299510807,True,
12.0,147.0,246.0,99.0,True,False,VBD,Chig Okonkwo,TE,TEN,6.744383602985678,True,
12.0,148.0,,,False,False,VBD,Justin Fields,QB,NYJ,14.040618701496642,True,
12.0,149.0,,,False,False,VBD,Alexander Mattison,RB,LV,8.617477053932037,True,
12.0,150.0,,,False,False,VBD,Austin Ekeler,RB,WAS,8.598295031894423,True,
12.0,151.0,129.0,-22.0,False,True,VBD,Rashid Shaheed,WR,NO,8.710826564603435,True,
12.0,152.0,187.0,35.0,True,False,VBD,Daniel Jones,QB,IND,13.962842722064488,True,
12.0,153.0,,,False,False,VBD,Cole Kmet,TE,CHI,6.525864041440484,True,
12.0,154.0,93.0,-61.0,False,True,VBD,Kenny Gainwell,RB,PIT,8.48486032398632,True,
12.0,155.0,130.0,-25.0,False,True,VBD,Tyjae Spears,RB,TEN,8.466370557094145,True,
12.0,156.0,109.0,-47.0,False,True,VBD,Xavier Worthy,WR,KC,8.554152032914786,True,
12.0,157.0,,,False,False,VBD,Colby Parkinson,TE,LA,6.395085035474799,True,
12.0,158.0,180.0,22.0,True,False,VBD,Isiah Pacheco,RB,KC,8.315267810077293,True,IR
12.0,159.0,,,False,False,VBD,Marquise Brown,WR,KC,8.403794233688398,True,
12.0,160.0,145.0,-15.0,False,False,VBD,Isaiah Likely,TE,BAL,6.2390894863156126,True,
12.0,161.0,,,False,False,VBD,Derek Carr,QB,NO,13.610766779354927,True,NA
12.0,162.0,,,False,False,VBD,Ricky Pearsall,WR,SF,8.305481874634147,True,IR
12.0,163.0,,,False,False,VBD,Mike Gesicki,TE,CIN,6.163068705533052,True,
12.0,164.0,,,False,False,VBD,Noah Fant,TE,CIN,5.986536149184649,True,
12.0,165.0,151.0,-14.0,False,False,VBD,Woody Marks,RB,HOU,7.989637776564109,True,
12.0,166.0,,,False,False,VBD,Tua Tagovailoa,QB,MIA,13.35535536936266,True,
13.0,167.0,,,False,False,VBD,Mason Taylor,TE,NYJ,5.738245170409799,True,
13.0,168.0,64.0,-104.0,False,True,VBD,Parker Washington,WR,JAX,7.859764812644565,True,
13.0,169.0,213.0,44.0,True,False,VBD,Brian Robinson,RB,SF,7.68113181949658,True,
13.0,170.0,242.0,72.0,True,False,VBD,Keon Coleman,WR,BUF,7.788279118455216,True,Questionable
13.0,171.0,137.0,-34.0,False,True,VBD,Tre Tucker,WR,LV,7.770251094840777,True,
13.0,172.0,231.0,59.0,True,False,VBD,Geno Smith,QB,LV,13.023038878895427,True,
13.0,173.0,121.0,-52.0,False,True,VBD,Jacory Croskey-Merritt,RB,WAS,7.607479612365669,True,Questionable
13.0,174.0,114.0,-60.0,False,True,VBD,Kyle Monangai,RB,CHI,7.537914394974365,True,Questionable
13.0,175.0,149.0,-26.0,False,True,VBD,Jalen McMillan,WR,TB,7.606822830783006,True,Questionable
13.0,176.0,175.0,-1.0,False,False,VBD,Najee Harris,RB,LAC,7.48297017113768,True,
13.0,177.0,,,False,False,VBD,Gus Edwards,RB,LAC,7.443760587100463,True,
13.0,178.0,229.0,51.0,True,False,VBD,Bryce Young,QB,CAR,12.812258749600325,True,
13.0,179.0,125.0,-54.0,False,True,VBD,Jalen Coker,WR,CAR,7.555606185176153,True,
13.0,180.0,,,False,False,VBD,Darrell Henderson,RB,LA,7.41720310844104,True,
13.0,181.0,52.0,-129.0,False,True,VBD,Luther Burden III,WR,CHI,7.477951104044394,True,Questionable
13.0,182.0,157.0,-25.0,False,True,VBD,Sam Darnold,QB,SEA,12.72333525084484,True,
13.0,183.0,261.0,78.0,True,False,VBD,Troy Franklin,WR,DEN,7.462709201197358,True,
13.0,184.0,,,False,False,VBD,Michael Thomas,WR,NO,7.433560824058268,True,
13.0,185.0,,,False,False,VBD,Dawson Knox,TE,BUF,5.260626110759327,True,
13.0,186.0,119.0,-67.0,False,True,VBD,Jordan Mason,RB,MIN,7.278890621688207,True,
13.0,187.0,,,False,False,VBD,Christian Kirk,WR,HOU,7.374205049224214,True,IR
13.0,188.0,,,False,False,VBD,Nick Chubb,RB,HOU,7.2007778844433465,True,
13.0,189.0,,,False,False,VBD,Gunnar Helm,TE,TEN,5.173939010808462,True,
13.0,190.0,147.0,-43.0,False,True,VBD,Tyler Shough,QB,NO,12.555564578609388,True,
13.0,191.0,,,False,False,VBD,Michael Carter,RB,ARI,7.156917141035501,True,
13.0,192.0,,,False,False,VBD,Jake Tonges,TE,SF,5.116758790988121,True,
13.0,193.0,,,False,False,VBD,DeAndre Hopkins,WR,BAL,7.235396822387689,True,
13.0,194.0,,,False,False,VBD,Donald Parham,TE,LAC,5.081332911889309,True,
13.0,195.0,,,False,False,VBD,Darnell Mooney,WR,ATL,7.182762779536486,True,
13.0,196.0,,,False,False,VBD,Kirk Cousins,QB,ATL,12.426015732535776,True,
13.0,197.0,,,False,False,VBD,Tyler Conklin,TE,LAC,4.944660215741654,True,
13.0,198.0,,,False,False,VBD,Kendrick Bourne,WR,SF,7.075192186766165,True,
13.0,199.0,214.0,15.0,False,False,VBD,Devaughn Vele,WR,NO,7.071970654040621,True,
13.0,200.0,230.0,30.0,True,False,VBD,Justice Hill,RB,BAL,6.927559172008733,True,
13.0,201.0,,,False,False,VBD,DeMario Douglas,WR,NE,7.038475445864083,True,
13.0,202.0,255.0,53.0,True,False,VBD,Darius Slayton,WR,NYG,7.019892549390667,True,
13.0,203.0,,,False,False,VBD,Devin Singletary,RB,NYG,6.902623025064146,True,
13.0,204.0,,,False,False,VBD,Audric Estimé,RB,NO,6.884251295183765,True,
13.0,205.0,,,False,False,VBD,Tanner Hudson,TE,CIN,4.85144121363386,True,
13.0,206.0,176.0,-30.0,False,True,VBD,Tyler Allgeier,RB,ATL,6.847579492708955,True,
13.0,207.0,,,False,False,VBD,Jerome Ford,RB,CLE,6.802531248708247,True,Questionable
13.0,208.0,,,False,False,VBD,Jayden Higgins,WR,HOU,6.897259703692708,True,IR
13.0,209.0,,,False,False,VBD,Michael Mayer,TE,LV,4.734583205074552,True,
13.0,210.0,,,False,False,VBD,Austin Hooper,TE,NE,4.704869602379982,True,
13.0,211.0,,,False,False,VBD,Tyrell Shavers,WR,BUF,6.817205580981086,True,PUP
13.0,212.0,,,False,False,VBD,Jimmy Graham,TE,NO,4.668888186482182,True,
13.0,213.0,,,False,False,VBD,Tony Jones,RB,ARI,6.664515211621313,True,
13.0,214.0,,,False,False,VBD,Josh Oliver,TE,MIN,4.633995033556149,True,
13.0,215.0,,,False,False,VBD,Russell Wilson,QB,NYG,12.008778092982348,True,
13.0,216.0,197.0,-19.0,False,True,VBD,Kayshon Boutte,WR,NE,6.737409068776413,True,
13.0,217.0,,,False,False,VBD,Kimani Vidal,RB,LAC,6.619605505761909,True,
13.0,218.0,,,False,False,VBD,Tommy Tremble,TE,CAR,4.556956338502598,True,
13.0,219.0,,,False,False,VBD,Miles Sanders,RB,DAL,6.560355876974238,True,
13.0,220.0,,,False,False,VBD,Joe Flacco,QB,CIN,11.91687216096125,True,
13.0,221.0,,,False,False,VBD,Mike Williams,WR,NYJ,6.652468037026042,True,DNR
13.0,222.0,,,False,False,VBD,Elic Ayomanor,WR,TEN,6.619862417496922,True,
13.0,223.0,,,False,False,VBD,Ja'Tavion Sanders,TE,CAR,4.468913885993521,True,
13.0,224.0,,,False,False,VBD,Trey Benson,RB,ARI,6.485092322018653,True,IR
13.0,225.0,239.0,14.0,False,False,VBD,Jacoby Brissett,QB,ARI,11.807261994357228,True,
13.0,226.0,259.0,33.0,True,False,VBD,Xavier Legette,WR,CAR,6.516304810692564,True,Questionable
13.0,227.0,,,False,False,VBD,Jerick McKinnon,RB,KC,6.390668393578355,True,
13.0,228.0,199.0,-29.0,False,True,VBD,Terrance Ferguson,TE,LA,4.366274013987423,True,Questionable
13.0,229.0,,,False,False,VBD,Raheem Mostert,RB,LV,6.361967230931998,True,Questionable
13.0,230.0,,,False,False,VBD,Easton Stick,QB,LAC,11.731327076032692,True,
13.0,231.0,,,False,False,VBD,Noah Gray,TE,KC,4.311264718858524,True,
13.0,232.0,,,False,False,VBD,Ezekiel Elliott,RB,DAL,6.308582861354453,True,
13.0,233.0,,,False,False,VBD,Adam Thielen,WR,MIN,6.422101733272327,True,NA
13.0,234.0,,,False,False,VBD,A.T. Perry,WR,NO,6.409783798923733,True,
13.0,235.0,,,False,False,VBD,Jordan Akins,TE,CLE,4.178635290310375,True,
13.0,236.0,,,False,False,VBD,Chimere Dike,WR,TEN,6.314651008040533,True,
13.0,237.0,,,False,False,VBD,Mack Hollins,WR,NE,6.309123902533631,True,
13.0,238.0,,,False,False,VBD,Tory Horton,WR,SEA,6.3026409417808775,True,Questionable
13.0,239.0,221.0,-18.0,False,True,VBD,Dontayvion Wicks,WR,GB,6.296770213279215,True,
13.0,240.0,,,False,False,VBD,Erick All,TE,CIN,4.137618445556155,True,
13.0,241.0,,,False,False,VBD,Tyler Boyd,WR,TEN,6.273338303628249,True,
13.0,242.0,,,False,False,VBD,Darnell Washington,TE,PIT,4.1138491482523465,True,
13.0,243.0,,,False,False,VBD,Demarcus Robinson,WR,SF,6.212835631934069,True,
13.0,244.0,,,False,False,VBD,Josh Palmer,WR,BUF,6.202793950037185,True,
13.0,245.0,,,False,False,VBD,Will Dissly,TE,LAC,4.053292229104799,True,Questionable
13.0,246.0,,,False,False,VBD,Marcus Mariota,QB,WAS,11.42331418268379,True,Questionable
13.0,247.0,178.0,-69.0,False,True,VBD,Rashod Bateman,WR,BAL,6.168624079083262,True,
13.0,248.0,257.0,9.0,False,False,VBD,Deshaun Watson,QB,CLE,11.417003896149252,True,
13.0,249.0,,,False,False,VBD,Devin Neal,RB,NO,6.044802072294026,True,IR
13.0,250.0,,,False,False,VBD,Jawhar Jordan,RB,HOU,6.037203108441039,True,
13.0,251.0,,,False,False,VBD,Diontae Johnson,WR,BAL,6.121841830107134,True,
13.0,252.0,,,False,False,VBD,Theo Wease Jr.,WR,MIA,6.1152192427702525,True,
13.0,253.0,,,False,False,VBD,Jackson Hawes,TE,BUF,3.9382451704098,True,
13.0,254.0,,,False,False,VBD,J.J. McCarthy,QB,MIN,11.304037364772476,True,
13.0,255.0,,,False,False,VBD,Gabe Davis,WR,BUF,6.046341399603481,True,Questionable
13.0,256.0,185.0,-71.0,False,True,VBD,Chris Rodriguez Jr.,RB,WAS,5.900942090717953,True,
13.0,257.0,,,False,False,VBD,D'Onta Foreman,RB,CLE,5.8851745767097485,True,
13.0,258.0,,,False,False,VBD,Brock Wright,TE,DET,3.845246335573628,True,
13.0,259.0,,,False,False,VBD,Marvin Mims Jr.,WR,DEN,5.971316496888724,True,Questionable
13.0,260.0,252.0,-8.0,False,False,VBD,Aaron Rodgers,QB,PIT,11.21762744590899,True,
13.0,261.0,,,False,False,VBD,Bam Knight,RB,ARI,5.7977682208871855,,
13.0,262.0,,,False,False,VBD,Sincere McCormick,RB,LV,5.787203108441039,True,
13.0,263.0,217.0,-46.0,False,True,VBD,Greg Dulcich,TE,MIA,3.762441601066741,True,
13.0,264.0,51.0,-213.0,False,True,VBD,Bhayshul Tuten,RB,JAX,5.774858623067161,True,Questionable
13.0,265.0,,,False,False,VBD,Andrei Iosivas,WR,CIN,5.888501653634072,True,
13.0,266.0,,,False,False,VBD,Luke Musgrave,TE,GB,3.741951964144611,True,PUP
13.0,267.0,,,False,False,VBD,Devin Culp,TE,TB,3.731388186482181,True,
13.0,268.0,,,False,False,VBD,Quez Watkins,WR,PHI,5.848815744084753,True,
13.0,269.0,200.0,-69.0,False,True,VBD,Dylan Sampson,RB,CLE,5.727239575448113,True,
13.0,270.0,,,False,False,VBD,Shane Zylstra,TE,DET,3.700184248642908,True,
13.0,271.0,,,False,False,VBD,Rondale Moore,WR,ARI,5.83204231238836,False,
13.0,272.0,,,False,False,VBD,Noah Brown,WR,WAS,5.817431686317462,True,
13.0,273.0,,,False,False,VBD,Daniel Bellinger,TE,NYG,3.677774944966677,True,
13.0,274.0,,,False,False,VBD,Cedric Tillman,WR,CLE,5.8056141268762085,True,
13.0,275.0,,,False,False,VBD,Gerald Everett,TE,CHI,3.664300803369447,True,
13.0,276.0,241.0,-35.0,False,True,VBD,Cam Ward,QB,TEN,11.04976512331998,True,
13.0,277.0,,,False,False,VBD,Tez Johnson,WR,TB,5.787474913568204,True,
13.0,278.0,,,False,False,VBD,Salvon Ahmed,RB,MIA,5.659387006493107,True,
13.0,279.0,,,False,False,VBD,Olamide Zaccheaus,WR,CHI,5.7421033255705405,True,
13.0,280.0,,,False,False,VBD,Irv Smith,TE,CIN,3.601666139861636,True,Questionable
13.0,281.0,,,False,False,VBD,Foster Moreau,TE,NO,3.5873491364831347,True,
13.0,282.0,152.0,-130.0,False,True,VBD,Samaje Perine,RB,CIN,5.58292462934222,True,
13.0,283.0,,,False,False,VBD,Michael Penix Jr.,QB,ATL,10.933646558484648,True,Questionable
13.0,284.0,,,False,False,VBD,Adam Trautman,TE,DEN,3.537270123543623,True,
13.0,285.0,,,False,False,VBD,Calvin Austin III,WR,PIT,5.660519828604239,True,IR
13.0,286.0,,,False,False,VBD,Mitchell Evans,TE,CAR,3.516332911889309,True,
13.0,287.0,,,False,False,VBD,Carson Wentz,QB,MIN,10.886614131168542,True,
13.0,288.0,,,False,False,VBD,Bub Means,WR,NO,5.593697318493227,True,
13.0,289.0,,,False,False,VBD,Jameis Winston,QB,NYG,10.83616751585066,True,
13.0,290.0,,,False,False,VBD,Elijah Higgins,TE,ARI,3.4454588115754685,True,
13.0,291.0,165.0,-126.0,False,True,VBD,Malik Washington,WR,MIA,5.533678698389039,True,
13.0,292.0,,,False,False,VBD,Latavius Murray,RB,BUF,5.408191956400495,True,
13.0,293.0,,,False,False,VBD,Will Levis,QB,TEN,10.768157944556528,True,
13.0,294.0,,,False,False,VBD,Greg Dortch,WR,ARI,5.480936902126699,True,
13.0,295.0,,,False,False,VBD,Pat Bryant,WR,DEN,5.470367009733278,True,
13.0,296.0,,,False,False,VBD,Hayden Hurst,TE,LAC,3.330028476897929,True,
13.0,297.0,,,False,False,VBD,Antonio Gibson,RB,NE,5.349678513950503,True,Questionable
13.0,298.0,,,False,False,VBD,Davis Allen,TE,LA,3.3218909156374283,True,Questionable
13.0,299.0,,,False,False,VBD,James Mitchell,TE,CAR,3.3155229666357604,True,
13.0,300.0,236.0,-64.0,False,True,VBD,Ryan Flournoy,WR,DAL,5.444565772831076,True,
13.0,301.0,,,False,False,VBD,Keleki Latu,TE,BUF,3.291850915309575,True,
13.0,302.0,,,False,False,VBD,Brandin Cooks,WR,BUF,5.414283354726891,True,
13.0,303.0,126.0,-177.0,False,True,VBD,Blake Corum,RB,LA,5.295703604388509,True,
13.0,304.0,,,False,False,VBD,Tyler Lockett,WR,LV,5.3956611836955535,True,
13.0,305.0,,,False,False,VBD,Sterling Shepard,WR,TB,5.394045149091793,True,
13.0,306.0,,,False,False,VBD,Tutu Atwell,WR,LA,5.390002698652911,True,
13.0,307.0,,,False,False,VBD,Lawrence Cager,TE,NYG,3.247878021616925,True,
13.0,308.0,237.0,-71.0,False,True,VBD,Ty Johnson,RB,BUF,5.266656096560597,True,Questionable
13.0,309.0,,,False,False,VBD,Mac Jones,QB,SF,10.629797550717594,True,
13.0,310.0,,,False,False,VBD,Tyler Johnson,WR,NYJ,5.373108995626,True,
13.0,311.0,,,False,False,VBD,Cole Turner,TE,WAS,3.223332731270441,True,IR
13.0,312.0,,,False,False,VBD,Melvin Gordon,RB,BAL,5.237203108441038,True,
13.0,313.0,,,False,False,VBD,Elijah Moore,WR,BUF,5.3527300377579845,True,
13.0,314.0,,,False,False,VBD,Elijah Arroyo,TE,SEA,3.2119293809361142,True,
13.0,315.0,,,False,False,VBD,DeVante Parker,WR,NE,5.344051220259593,True,
13.0,316.0,,,False,False,VBD,Jalen Tolbert,WR,DAL,5.330562335049495,True,
13.0,317.0,181.0,-136.0,False,True,VBD,Jalen Nailor,WR,MIN,5.317233683611452,True,
13.0,318.0,,,False,False,VBD,Nick Vannett,TE,TEN,3.179560959883484,True,
13.0,319.0,,,False,False,VBD,Michael Gallup,WR,DAL,5.315316962951466,True,
13.0,320.0,,,False,False,VBD,Kevin Harris,RB,NE,5.197203108441039,True,
13.0,321.0,,,False,False,VBD,David Bell,WR,CLE,5.311338601836045,True,
13.0,322.0,,,False,False,VBD,Brycen Hopkins,TE,LA,3.1751507488896524,True,
13.0,323.0,,,False,False,VBD,Cade Stover,TE,HOU,3.1523073681199816,True,
13.0,324.0,,,False,False,VBD,Drew Sample,TE,CIN,3.1331345568235784,True,
13.0,325.0,,,False,False,VBD,Brevin Jordan,TE,HOU,3.1265921243214545,True,Questionable
13.0,326.0,256.0,-70.0,False,True,VBD,Isaac TeSlaa,WR,DET,5.251848659246614,True,
13.0,327.0,,,False,False,VBD,KaVontae Turpin,WR,DAL,5.243516932618571,True,
13.0,328.0,,,False,False,VBD,Grant Calcaterra,TE,PHI,3.1072320678117022,True,IR
13.0,329.0,,,False,False,VBD,Spencer Rattler,QB,NO,10.495273927626734,True,
13.0,330.0,,,False,False,VBD,Emari Demercado,RB,ARI,5.108173567277836,True,
13.0,331.0,,,False,False,VBD,Allen Lazard,WR,NYJ,5.223395009930598,True,
13.0,332.0,,,False,False,VBD,Kevin Austin Jr.,WR,NO,5.221847272891172,True,
13.0,333.0,,,False,False,VBD,Raheim Sanders,RB,CLE,5.09720310844104,True,
13.0,334.0,,,False,False,VBD,DJ Chark,WR,LAC,5.205647692229322,True,
13.0,335.0,,,False,False,VBD,Ainias Smith,WR,PHI,5.204108131659142,True,Questionable
13.0,336.0,,,False,False,VBD,Hunter Renfrow,WR,CAR,5.200977252272383,True,
13.0,337.0,,,False,False,VBD,Kendre Miller,RB,NO,5.080242953796004,True,Questionable
13.0,338.0,,,False,False,VBD,Josh Whyle,TE,GB,3.060370136234801,True,
13.0,339.0,,,False,False,VBD,Jaleel McLaughlin,RB,DEN,5.074977507428006,True,
13.0,340.0,,,False,False,VBD,Tay Martin,WR,WAS,5.172858131659142,True,
13.0,341.0,,,False,False,VBD,Dallin Holker,TE,NO,3.0251842486429084,True,
13.0,342.0,,,False,False,VBD,Jeremy Ruckert,TE,NYJ,3.0140863885211147,True,
13.0,343.0,,,False,False,VBD,Emanuel Wilson,RB,GB,5.020745788803891,True,Questionable
13.0,344.0,,,False,False,VBD,Mo Alie-Cox,TE,IND,2.997713737332992,True,
13.0,345.0,,,False,False,VBD,Ben Sinnott,TE,WAS,2.977762964632416,True,Questionable
13.0,346.0,,,False,False,VBD,Zaire Mitchell-Paden,TE,BAL,2.9668509153095752,True,
13.0,347.0,,,False,False,VBD,Luke Schoonmaker,TE,DAL,2.9561199383046644,True,
13.0,348.0,,,False,False,VBD,Stone Smartt,TE,NYJ,2.9491411587207934,True,
13.0,349.0,,,False,False,VBD,E.J. Jenkins,TE,PHI,2.939767581976242,True,
13.0,350.0,,,False,False,VBD,Curtis Samuel,WR,BUF,5.055166028212673,True,
13.0,351.0,,,False,False,VBD,Hunter Long,TE,JAX,2.918806589251707,True,
13.0,352.0,206.0,-146.0,False,True,VBD,Adonai Mitchell,WR,IND,5.044749805530808,True,
13.0,353.0,,,False,False,VBD,Zay Jones,WR,ARI,5.030690364874035,True,
13.0,354.0,,,False,False,VBD,Brenden Bates,TE,CLE,2.8871574172514123,True,Questionable
13.0,355.0,,,False,False,VBD,Charlie Kolar,TE,BAL,2.8757793553353537,True,
13.0,356.0,,,False,False,VBD,Lucas Krull,TE,DEN,2.840112043797161,True,
13.0,357.0,112.0,-245.0,False,True,VBD,Matthew Golden,WR,GB,4.956848659246614,True,
13.0,358.0,,,False,False,VBD,Jared Wiley,TE,KC,2.816850915309576,True,
13.0,359.0,,,False,False,VBD,Nick Westbrook-Ikhine,WR,MIA,4.937903621554906,True,
13.0,360.0,,,False,False,VBD,Johnny Mundt,TE,JAX,2.764029277770419,True,
13.0,361.0,,,False,False,VBD,Blake Bell,TE,KC,2.748204479829706,True,
13.0,362.0,,,False,False,VBD,MyCole Pruitt,TE,PIT,2.744388867481386,True,
13.0,363.0,238.0,-125.0,False,True,VBD,Ray Davis,RB,BUF,4.75930077711026,True,
13.0,364.0,,,False,False,VBD,Nate Adkins,TE,DEN,2.7373330699308176,True,
13.0,365.0,,,False,False,VBD,Chris Conley,WR,SF,4.862727490724934,True,
13.0,366.0,195.0,-171.0,False,True,VBD,Keaton Mitchell,RB,BAL,4.732730706476684,True,Questionable
13.0,367.0,183.0,-184.0,False,True,VBD,Braelon Allen,RB,NYJ,4.700196412712367,True,
13.0,368.0,,,False,False,VBD,Jaret Patterson,RB,LAC,4.6976692570342,True,
13.0,369.0,,,False,False,VBD,Anthony Firkser,TE,DET,2.6751381864821813,True,Questionable
13.0,370.0,,,False,False,VBD,Lil'Jordan Humphrey,WR,DEN,4.7885988614398896,True,
13.0,371.0,,,False,False,VBD,John Shenker,TE,LV,2.647406470865131,,
13.0,372.0,,,False,False,VBD,Shedeur Sanders,QB,CLE,10.027471274025686,True,
13.0,373.0,,,False,False,VBD,Will Mallory,TE,IND,2.6325728230179406,True,IR
13.0,374.0,,,False,False,VBD,Cam Grandy,TE,CIN,2.631388186482181,True,
13.0,375.0,,,False,False,VBD,Tim Patrick,WR,JAX,4.765091971502532,True,
13.0,376.0,,,False,False,VBD,Joseph Fortson,TE,KC,2.6251842486429084,,
13.0,377.0,,,False,False,VBD,Kenny Yeboah,TE,NYJ,2.6239875684330647,True,Questionable
13.0,378.0,204.0,-174.0,False,True,VBD,Jaydon Blue,RB,DAL,4.6429119167645805,True,
13.0,379.0,,,False,False,VBD,Jaheim Bell,TE,NE,2.6126658237786176,True,
13.0,380.0,,,False,False,VBD,Josh Reynolds,WR,NYJ,4.741430003085978,True,
13.0,381.0,,,False,False,VBD,Carter Runyon,TE,LV,2.6029620264206863,True,IR
13.0,382.0,,,False,False,VBD,JuJu Smith-Schuster,WR,KC,4.737320735066231,True,Questionable
13.0,383.0,,,False,False,VBD,Nelson Agholor,WR,BAL,4.721512420668395,True,
13.0,384.0,,,False,False,VBD,Quintin Morris,TE,JAX,2.5819349235600253,True,
13.0,385.0,,,False,False,VBD,Ameer Abdullah,RB,IND,4.585929852457438,True,
13.0,386.0,,,False,False,VBD,Ben Sims,TE,MIN,2.545525872164185,True,IR
13.0,387.0,,,False,False,VBD,Julio Jones,WR,PHI,4.681212370352306,True,
13.0,388.0,,,False,False,VBD,Tyquan Thornton,WR,KC,4.668620998797098,True,
13.0,389.0,,,False,False,VBD,Jahdae Walker,WR,CHI,4.653081098744357,True,
13.0,390.0,,,False,False,VBD,Roman Wilson,WR,PIT,4.649131545662152,True,
13.0,391.0,,,False,False,VBD,Royce Freeman,RB,LA,4.521884181435905,True,
13.0,392.0,,,False,False,VBD,Jaylen Wright,RB,MIA,4.484997752404157,True,
13.0,393.0,,,False,False,VBD,Luke Farrell,TE,SF,2.459585472966642,True,
13.0,394.0,,,False,False,VBD,Tanner Conner,TE,MIA,2.459467124321454,True,
13.0,395.0,,,False,False,VBD,John Bates,TE,WAS,2.401262046196772,True,Questionable
13.0,396.0,,,False,False,VBD,Luke McCaffrey,WR,WAS,4.519322607642575,True,
13.0,397.0,,,False,False,VBD,Cam Akers,RB,MIN,4.402005074183236,True,
13.0,398.0,,,False,False,VBD,Ian Thomas,TE,LV,2.382221898034511,True,
13.0,399.0,,,False,False,VBD,Kalif Raymond,WR,DET,4.485582600953547,True,
13.0,400.0,,,False,False,VBD,Sean Tucker,RB,TB,4.367917731557196,True,Questionable
13.0,401.0,243.0,-158.0,False,True,VBD,Tre Harris,WR,LAC,4.478953326587831,True,Questionable
13.0,402.0,,,False,False,VBD,Jack Westover,TE,NE,2.3126658237786177,True,
13.0,403.0,,,False,False,VBD,Jamison Crowder,WR,WAS,4.448091599441936,True,
13.0,404.0,,,False,False,VBD,Kyle Philips,WR,TEN,4.44549808463802,True,
13.0,405.0,,,False,False,VBD,Giovanni Ricci,TE,DET,2.281237252350046,,
13.0,406.0,,,False,False,VBD,John Metchie III,WR,NYJ,4.417312899218924,True,
13.0,407.0,,,False,False,VBD,Eric Tomlinson,TE,LAC,2.2751507488896525,True,
13.0,408.0,,,False,False,VBD,Peyton Hendershot,TE,KC,2.260666223041378,True,
13.0,409.0,,,False,False,VBD,Julian Hill,TE,MIA,2.251781021320727,True,IR
13.0,410.0,,,False,False,VBD,Robert Woods,WR,HOU,4.3804992113215375,True,NA
13.0,411.0,,,False,False,VBD,Tip Reiman,TE,ARI,2.242836513987422,True,PUP
13.0,412.0,,,False,False,VBD,Van Jefferson,WR,TEN,4.378339588808142,True,
13.0,413.0,,,False,False,VBD,Teagan Quitoriano,TE,ATL,2.2409516146905184,True,
13.0,414.0,,,False,False,VBD,Kylen Granson,TE,PHI,2.2377464266214866,True,
13.0,415.0,,,False,False,VBD,John FitzPatrick,TE,GB,2.2337369723621125,True,Questionable
13.0,416.0,,,False,False,VBD,Shedrick Jackson,WR,LV,4.369594964863973,True,
13.0,417.0,,,False,False,VBD,Damien Williams,RB,ARI,4.24133678715671,True,
13.0,418.0,96.0,-322.0,False,True,VBD,Jonathon Brooks,RB,CAR,4.24133678715671,True,Questionable
13.0,419.0,,,False,False,VBD,Odell Beckham Jr.,WR,MIA,4.353233736196561,True,
13.0,420.0,,,False,False,VBD,Devontez Walker,WR,BAL,4.350704304996016,True,
13.0,421.0,,,False,False,VBD,Justin Shorter,TE,LV,2.2126658237786176,True,IR
13.0,422.0,,,False,False,VBD,Nick Kallerup,TE,SEA,2.2126658237786176,True,
13.0,423.0,,,False,False,VBD,David Sills,WR,ATL,4.346498510274016,True,IR
13.0,424.0,,,False,False,VBD,Zavier Scott,RB,MIN,4.227766534377082,True,
13.0,425.0,,,False,False,VBD,Mitchell Tinsley,WR,CIN,4.338355227495162,,
13.0,426.0,,,False,False,VBD,Isaiah Davis,RB,NYJ,4.213136327686451,True,Questionable
13.0,427.0,,,False,False,VBD,Payne Durham,TE,TB,2.192737794206649,True,
13.0,428.0,,,False,False,VBD,Brandon Johnson,WR,PIT,4.299586657937193,True,
13.0,429.0,,,False,False,VBD,Geoff Swaim,TE,CLE,2.1492151904580106,True,
13.0,430.0,,,False,False,VBD,Andrew Ogletree,TE,IND,2.1459505468537454,True,
13.0,431.0,,,False,False,VBD,Durham Smythe,TE,CHI,2.14458129110949,True,
13.0,432.0,205.0,-227.0,False,True,VBD,Malik Willis,QB,GB,9.533699879797757,True,
13.0,433.0,,,False,False,VBD,Jesper Horsted,TE,LV,2.1387871125260163,True,
13.0,434.0,,,False,False,VBD,Ben Yurosek,TE,MIN,2.1272215198155147,True,
13.0,435.0,,,False,False,VBD,Dyami Brown,WR,JAX,4.260145274686089,True,
13.0,436.0,,,False,False,VBD,Damien Harris,RB,BUF,4.139335923700866,True,
13.0,437.0,249.0,-188.0,False,True,VBD,Jaylin Noel,WR,HOU,4.240737964562273,True,Questionable
13.0,438.0,,,False,False,VBD,Trevon Wesco,TE,TEN,2.1022215198155147,True,
13.0,439.0,,,False,False,VBD,Harrison Bryant,TE,HOU,2.100859943154393,True,Questionable
13.0,440.0,,,False,False,VBD,Joshua Dobbs,QB,NE,9.49016724678772,True,
13.0,441.0,,,False,False,VBD,J.J. Taylor,RB,HOU,4.119114564934487,True,
13.0,442.0,,,False,False,VBD,Marquez Valdes-Scantling,WR,PIT,4.214388279455532,True,
13.0,443.0,,,False,False,VBD,Chris Moore,WR,WAS,4.212559810881071,True,
13.0,444.0,,,False,False,VBD,Philip Rivers,QB,IND,9.460510870706624,True,
13.0,445.0,,,False,False,VBD,Brashard Smith,RB,KC,4.085740481930886,True,
13.0,446.0,,,False,False,VBD,Israel Abanikanda,RB,NYJ,4.081002590367532,True,
13.0,447.0,,,False,False,VBD,Mitchell Wilcox,TE,CIN,2.040369902099232,True,
13.0,448.0,,,False,False,VBD,Tyrod Taylor,QB,NYJ,9.411624909848316,True,
13.0,449.0,,,False,False,VBD,Jalen Guyton,WR,LAC,4.156690244994791,True,
13.0,450.0,,,False,False,VBD,C.J. Uzomah,TE,PHI,2.001666139861636,True,
13.0,451.0,,,False,False,VBD,Jahan Dotson,WR,PHI,4.13366458882896,True,
13.0,452.0,,,False,False,VBD,Patrick Taylor,RB,SF,4.01189739907987,True,Questionable
13.0,453.0,,,False,False,VBD,Corey Kiner,RB,ARI,3.997203108441039,True,
13.0,454.0,,,False,False,VBD,Joe Milton III,QB,DAL,9.357690712396328,True,
13.0,455.0,,,False,False,VBD,Tucker Fisk,TE,LAC,1.9477376516128064,True,
13.0,456.0,,,False,False,VBD,Stephen Sullivan,TE,CAR,1.9356857786933048,True,
13.0,457.0,,,False,False,VBD,Brevyn Spann-Ford,TE,DAL,1.9340378529356688,True,
13.0,458.0,,,False,False,VBD,Jack Stoll,TE,NO,1.924529590342204,True,Questionable
13.0,459.0,,,False,False,VBD,Rashaad Penny,RB,PHI,3.9413367871567098,True,
13.0,460.0,263.0,-197.0,False,True,VBD,Xavier Hutchinson,WR,HOU,4.050457774686089,True,
13.0,461.0,,,False,False,VBD,AJ Dillon,RB,PHI,3.90600115127446,True,
13.0,462.0,,,False,False,VBD,Jashaun Corbin,RB,NYG,3.8857812316011535,True,
13.0,463.0,,,False,False,VBD,Isaiah Bond,WR,CLE,3.9922368183301087,True,Questionable
13.0,464.0,,,False,False,VBD,Clyde Edwards-Helaire,RB,KC,3.8752279100430815,True,
13.0,465.0,,,False,False,VBD,Kevin Rader,TE,TEN,1.825127556752783,True,
13.0,466.0,,,False,False,VBD,Eric Saubert,TE,SEA,1.811110830148428,True,
13.0,467.0,,,False,False,VBD,Darius Cooper,WR,PHI,3.944747765411023,True,
13.0,468.0,,,False,False,VBD,Pharaoh Brown,TE,ARI,1.803475115385364,True,
13.0,469.0,,,False,False,VBD,Ross Dwelley,TE,DET,1.801666139861636,True,
13.0,470.0,,,False,False,VBD,Josiah Deguara,TE,ARI,1.796918154888084,True,
13.0,471.0,,,False,False,VBD,Bo Melton,WR,GB,3.930193699581453,True,
13.0,472.0,,,False,False,VBD,Blake Whiteheart,TE,CLE,1.7932030800725318,True,
13.0,473.0,,,False,False,VBD,Kyle Williams,WR,NE,3.9168486592466136,False,
13.0,474.0,,,False,False,VBD,Isaiah Hodgins,WR,NYG,3.914262647761187,True,
13.0,475.0,,,False,False,VBD,Trey Palmer,WR,TB,3.88829805595023,True,
13.0,476.0,,,False,False,VBD,Robert Tonyan,TE,KC,1.7513329118893088,True,
13.0,477.0,,,False,False,VBD,Jamaal Williams,RB,NO,3.760993948944837,True,
13.0,478.0,,,False,False,VBD,Mike Woods,WR,CLE,3.87608847135748,,
13.0,479.0,,,False,False,VBD,Jeremy McNichols,RB,WAS,3.7546642585746257,True,IR
13.0,480.0,,,False,False,VBD,Anthony McFarland,RB,PIT,3.752447898267821,True,
13.0,481.0,,,False,False,VBD,Charlie Woerner,TE,ATL,1.7327698272020542,True,
13.0,482.0,194.0,-288.0,False,True,VBD,Tank Bigsby,RB,JAX,3.7504230392706255,True,
13.0,483.0,,,False,False,VBD,Michael Bandy,WR,DEN,3.86634821161722,True,
13.0,484.0,,,False,False,VBD,Rod Williams,TE,PIT,1.7020506336758598,,
13.0,485.0,,,False,False,VBD,David Martin-Robinson,TE,TEN,1.688390652015792,True,
13.0,486.0,,,False,False,VBD,Zamir White,RB,LV,3.701860346387825,True,
13.0,487.0,,,False,False,VBD,Derrick Gore,RB,WAS,3.696892342712265,True,
13.0,488.0,,,False,False,VBD,Matt Breida,RB,NYG,3.693906242114781,True,
13.0,489.0,,,False,False,VBD,Ollie Gordon II,RB,MIA,3.6857404819308863,True,Questionable
13.0,490.0,250.0,-240.0,False,True,VBD,Malik Davis,RB,DAL,3.6807077108476713,True,
13.0,491.0,,,False,False,VBD,DJ Giddens,RB,IND,3.661093734946399,True,
13.0,492.0,,,False,False,VBD,Malik Heath,WR,GB,3.773784820450124,True,
13.0,493.0,,,False,False,VBD,Marvin Jones,WR,DET,3.763697318493228,True,
13.0,494.0,,,False,False,VBD,Chris Evans,RB,CIN,3.64133678715671,True,
13.0,495.0,,,False,False,VBD,Brandon Bolden,RB,LV,3.615639189491853,True,
13.0,496.0,,,False,False,VBD,Ty Chandler,RB,MIN,3.610702262237629,True,IR
13.0,497.0,,,False,False,VBD,Ronnie Bell,WR,NO,3.722002004320368,True,
13.0,498.0,,,False,False,VBD,Sean McKeon,TE,DAL,1.5804755884132984,True,Questionable
13.0,499.0,,,False,False,VBD,Aaron Shampklin,RB,PIT,3.5968923427122657,True,
13.0,500.0,,,False,False,VBD,Marcedes Lewis,TE,DEN,1.5639254576547876,True,
13.0,501.0,,,False,False,VBD,Lynn Bowden,WR,NO,3.6883552274951614,True,
13.0,502.0,,,False,False,VBD,Justin Watson,WR,HOU,3.684383927818776,True,
13.0,503.0,,,False,False,VBD,Khalil Herbert,RB,NYJ,3.566824443659129,True,
13.0,504.0,,,False,False,VBD,Roschon Johnson,RB,CHI,3.562581546341029,True,
13.0,505.0,,,False,False,VBD,Equanimeous St. Brown,WR,CHI,3.6669975622665705,True,
13.0,506.0,,,False,False,VBD,Darrynton Evans,RB,CHI,3.548617775723877,True,
13.0,507.0,,,False,False,VBD,Tyler Huntley,QB,BAL,8.917171325540933,True,
13.0,508.0,,,False,False,VBD,Ryan Tannehill,QB,TEN,8.901639855757306,True,
13.0,509.0,,,False,False,VBD,Robbie Chosen,WR,WAS,3.6460608240582673,True,
13.0,510.0,,,False,False,VBD,Nick Bawden,RB,NYJ,3.514335923700866,,
13.0,511.0,,,False,False,VBD,Jimmy Horn Jr.,WR,CAR,3.6148108240582673,True,
13.0,512.0,,,False,False,VBD,Alex Armah,RB,WAS,3.497203108441039,,
13.0,513.0,,,False,False,VBD,Chase Claypool,WR,CHI,3.6092827363685656,True,
13.0,514.0,,,False,False,VBD,Chris Manhertz,TE,NYG,1.4667377580828758,True,
13.0,515.0,,,False,False,VBD,Elijah Cooks,WR,JAX,3.593697318493228,True,
13.0,516.0,,,False,False,VBD,Dante Pettis,WR,NO,3.5800896902241943,True,
13.0,517.0,,,False,False,VBD,Jack Bech,WR,LV,3.5768486592466138,True,
13.0,518.0,,,False,False,VBD,Cordarrelle Patterson,RB,PIT,3.451579166494628,True,
13.0,519.0,,,False,False,VBD,Terrell Jennings,RB,NE,3.449192696505504,True,Questionable
13.0,520.0,,,False,False,VBD,K.J. Osborn,WR,NE,3.530338328033296,True,
13.0,521.0,,,False,False,VBD,Ray-Ray McCloud,WR,ATL,3.5277310532910304,True,IR
13.0,522.0,,,False,False,VBD,Dwayne Washington,RB,DEN,3.4080034538233765,True,
13.0,523.0,,,False,False,VBD,Casey Washington,WR,ATL,3.5201517834563294,True,
13.0,524.0,,,False,False,VBD,Cameron Latu,TE,PHI,1.382916139861636,True,
13.0,525.0,,,False,False,VBD,Cedrick Wilson Jr.,WR,MIA,3.515529752417505,True,Questionable
13.0,526.0,,,False,False,VBD,Treylon Burks,WR,WAS,3.514951423271391,True,
13.0,527.0,,,False,False,VBD,Jeff Wilson,RB,MIA,3.389911946838279,True,
13.0,528.0,,,False,False,VBD,Deuce Vaughn,RB,DAL,3.367531240259435,True,
13.0,529.0,,,False,False,VBD,Tyler Badie,RB,DEN,3.360818743376416,True,
13.0,530.0,,,False,False,VBD,Anthony Richardson,QB,IND,8.710294767588756,True,
13.0,531.0,,,False,False,VBD,Cody White,WR,SEA,3.449967074058267,True,
13.0,532.0,,,False,False,VBD,Isaiah Spiller,RB,LAC,3.3114687389606927,True,
13.0,533.0,,,False,False,VBD,Ramel Keyton,WR,LV,3.4263303538813643,True,
13.0,534.0,,,False,False,VBD,Quinn Ewers,QB,MIA,8.666459783635961,True,
13.0,535.0,,,False,False,VBD,Colson Yankoff,TE,WAS,1.2725829118893088,True,
13.0,536.0,,,False,False,VBD,Chris Blair,WR,ATL,3.4061914649924754,True,
13.0,537.0,,,False,False,VBD,Konata Mumpfield,WR,LA,3.396060824058268,True,
13.0,538.0,,,False,False,VBD,Erik Ezukanma,WR,MIA,3.3841081316591417,True,
13.0,539.0,,,False,False,VBD,Zach Evans,RB,LA,3.257203108441039,True,
13.0,540.0,,,False,False,VBD,Keith Kirkwood,WR,NO,3.372074860379406,True,
13.0,541.0,,,False,False,VBD,Cody Thompson,WR,TB,3.3707747983258085,True,
13.0,542.0,,,False,False,VBD,Richie James,WR,KC,3.369131545662152,True,
13.0,543.0,,,False,False,VBD,Brayden Willis,TE,SF,1.229258790988121,True,Questionable
13.0,544.0,,,False,False,VBD,Beaux Collins,WR,NYG,3.363697318493228,True,IR
13.0,545.0,,,False,False,VBD,Dylan Drummond,WR,ATL,3.361414432077689,True,
13.0,546.0,,,False,False,VBD,Chris Brooks,RB,GB,3.191123931124644,True,
13.0,547.0,,,False,False,VBD,Dalvin Cook,RB,DAL,3.1853520622783944,True,
13.0,548.0,,,False,False,VBD,Ko Kieft,TE,TB,1.156507535132675,True,
13.0,549.0,,,False,False,VBD,Pierre Strong,RB,CLE,3.150453635378758,True,
13.0,550.0,,,False,False,VBD,Scott Miller,WR,PIT,3.260963328033296,True,
13.0,551.0,,,False,False,VBD,Efton Chism III,WR,NE,3.259783798923734,True,
13.0,552.0,,,False,False,VBD,Tommy DeVito,QB,NYG,8.510414251812003,True,
13.0,553.0,,,False,False,VBD,Jaylin Lane,WR,WAS,3.2541415802348705,True,
13.0,554.0,,,False,False,VBD,Kalel Mullings,RB,TEN,3.137203108441039,True,
13.0,555.0,,,False,False,VBD,Jordan Whittington,WR,LA,3.2508778052837792,True,
13.0,556.0,,,False,False,VBD,Terrace Marshall Jr.,WR,LV,3.2419985886806466,True,
13.0,557.0,,,False,False,VBD,Kenny McIntosh,RB,SEA,3.121884181435906,True,
13.0,558.0,,,False,False,VBD,Dalen Cambre,WR,NYG,3.237441464992475,True,
13.0,559.0,,,False,False,VBD,Jalen Virgil,WR,BUF,3.237441464992475,True,Questionable
13.0,560.0,,,False,False,VBD,David Moore,WR,CAR,3.2368324394977432,True,
13.0,561.0,,,False,False,VBD,Carson Steele,RB,KC,3.0827384781268625,True,
13.0,562.0,,,False,False,VBD,Robbie Ouzts,RB,SEA,3.067203108441039,True,IR
13.0,563.0,,,False,False,VBD,Mason Tipton,WR,NO,3.180864776156476,True,PUP
13.0,564.0,,,False,False,VBD,Alex Erickson,WR,NE,3.1762925402901345,True,
13.0,565.0,,,False,False,VBD,Nyheim Hines,RB,LAC,3.0538697751077057,,
13.0,566.0,,,False,False,VBD,Myles Gaskin,RB,SEA,3.0440482804009443,True,
13.0,567.0,,,False,False,VBD,Evan Hull,RB,NO,3.03118187828798,True,
13.0,568.0,,,False,False,VBD,Savion Williams,WR,GB,3.146498510274016,True,IR
13.0,569.0,,,False,False,VBD,Jermaine Burton,WR,CIN,3.131212370352306,True,
13.0,570.0,,,False,False,VBD,Byron Pringle,WR,WAS,3.1177354307859098,True,
13.0,571.0,,,False,False,VBD,Trenton Irwin,WR,CIN,3.1165405493721785,True,
13.0,572.0,,,False,False,VBD,Feleipe Franks,TE,ATL,0.9737329961781136,True,
13.0,573.0,,,False,False,VBD,Dan Chisena,WR,CAR,3.105633925902934,True,Questionable
13.0,574.0,,,False,False,VBD,Dont'e Thornton Jr.,WR,LV,3.096292540290134,True,IR
13.0,575.0,,,False,False,VBD,Jalen Reagor,WR,LAC,3.0927195603540647,True,
13.0,576.0,,,False,False,VBD,Ja'Lynn Polk,WR,NE,3.091848659246613,True,NA
13.0,577.0,,,False,False,VBD,Ke'Shawn Vaughn,RB,SF,2.9320025903675324,True,
13.0,578.0,,,False,False,VBD,Colton Dowell,WR,TEN,3.043697318493228,True,
13.0,579.0,,,False,False,VBD,Desmond Ridder,QB,LV,8.28848453216768,True,
13.0,580.0,,,False,False,VBD,Austin Trammell,WR,JAX,3.024796661366629,True,
13.0,581.0,,,False,False,VBD,Jake Browning,QB,CIN,8.256087780440588,True,
13.0,582.0,,,False,False,VBD,Tanner McKee,QB,PHI,8.233924819696632,True,
13.0,583.0,,,False,False,VBD,Isaac Guerendo,RB,SF,2.8458566753244963,True,PUP
13.0,584.0,,,False,False,VBD,Ryan Miller,WR,TB,2.957790549372178,True,
13.0,585.0,,,False,False,VBD,Aidan O'Connell,QB,LV,8.202897562962814,True,
13.0,586.0,,,False,False,VBD,Jonathan Ward,RB,PIT,2.8310025903675324,True,
13.0,587.0,,,False,False,VBD,Rakim Jarrett,WR,TB,2.9420667503028977,True,
13.0,588.0,,,False,False,VBD,Randall Cobb,WR,NYJ,2.9357982123288187,True,
13.0,589.0,,,False,False,VBD,Jermaine Jackson,WR,NO,2.903697318493228,True,
13.0,590.0,,,False,False,VBD,Chris Collier,RB,BAL,2.7810025903675326,True,IR
13.0,591.0,,,False,False,VBD,Malachi Corley,WR,CLE,2.882440863112997,True,
13.0,592.0,,,False,False,VBD,Donovan Peoples-Jones,WR,CLE,2.881848659246614,True,
13.0,593.0,,,False,False,VBD,Jason Brownlee,WR,KC,2.8797671680717136,True,
13.0,594.0,,,False,False,VBD,Andre Baccellia,WR,ARI,2.8760884713574795,True,Questionable
13.0,595.0,,,False,False,VBD,Samori Toure,WR,NO,2.838179164709771,True,
13.0,596.0,,,False,False,VBD,Allen Robinson,WR,DET,2.8317397475900843,True,
13.0,597.0,,,False,False,VBD,KeAndre Lambert-Smith,WR,LAC,2.827310824058268,True,
13.0,598.0,,,False,False,VBD,Jamari Thrash,WR,CLE,2.816379909246613,True,IR
13.0,599.0,,,False,False,VBD,Boston Scott,RB,PHI,2.692890615800577,True,
13.0,600.0,,,False,False,VBD,Jimmy Garoppolo,QB,LA,8.041553374127595,True,
13.0,601.0,,,False,False,VBD,Gary Brightwell,RB,CIN,2.6716946988007995,True,
13.0,602.0,,,False,False,VBD,Collin Johnson,WR,CHI,2.779767168071713,True,
13.0,603.0,,,False,False,VBD,Dameon Pierce,RB,HOU,2.6581668745205693,True,
13.0,604.0,,,False,False,VBD,Keaontay Ingram,RB,KC,2.648002220315028,True,
13.0,605.0,,,False,False,VBD,Johnny Wilson,WR,PHI,2.746060824058268,True,IR
13.0,606.0,,,False,False,VBD,JaMycal Hasty,RB,NE,2.5995805833900203,True,
13.0,607.0,,,False,False,VBD,River Cracraft,WR,WAS,2.709910869382401,True,Questionable
13.0,608.0,,,False,False,VBD,Marquise Goodwin,WR,CLE,2.696060824058267,True,
13.0,609.0,,,False,False,VBD,Xavier Weaver,WR,ARI,2.6763934504240567,True,Questionable
13.0,610.0,,,False,False,VBD,Hunter Luepke,RB,DAL,2.5555136934768594,,
13.0,611.0,,,False,False,VBD,Dare Ogunbowale,RB,HOU,2.540050426214411,True,
13.0,612.0,,,False,False,VBD,Matthew Slater,WR,NE,2.6488157440847524,True,
13.0,613.0,,,False,False,VBD,Bryce Ford-Wheaton,WR,NYG,2.6488157440847524,True,Questionable
13.0,614.0,,,False,False,VBD,Montrell Washington,WR,KC,2.6488157440847524,True,
13.0,615.0,,,False,False,VBD,Justyn Ross,WR,KC,2.6469466552512007,True,
13.0,616.0,,,False,False,VBD,Elijah Mitchell,RB,KC,2.526512549422511,True,Questionable
13.0,617.0,,,False,False,VBD,LeQuint Allen Jr.,RB,JAX,2.5214559583822904,True,Questionable
13.0,618.0,,,False,False,VBD,Bryce Oliver,WR,TEN,2.626724886558267,True,
13.0,619.0,,,False,False,VBD,Parris Campbell,WR,DAL,2.6253320564253464,True,NA
13.0,620.0,,,False,False,VBD,Isaiah McKenzie,WR,IND,2.6177354307859093,True,
13.0,621.0,,,False,False,VBD,Jonathan Mingo,WR,DAL,2.6135717655207427,True,
13.0,622.0,,,False,False,VBD,George Holani,RB,SEA,2.4952384781268626,True,
13.0,623.0,,,False,False,VBD,Javon Baker,WR,NE,2.61141443207769,True,
13.0,624.0,,,False,False,VBD,Ronnie Rivers,RB,LA,2.493223373496681,True,
13.0,625.0,,,False,False,VBD,Riley Leonard,QB,IND,7.862236166941781,True,
13.0,626.0,,,False,False,VBD,Joshua Kelley,RB,TEN,2.4921189422425902,True,
13.0,627.0,,,False,False,VBD,Trevor Siemian,QB,NYJ,7.858599803305418,True,
13.0,628.0,,,False,False,VBD,Kaleb Johnson,RB,PIT,2.4670019427756493,True,
13.0,629.0,,,False,False,VBD,Brandon Powell,WR,MIN,2.570252329025413,True,
13.0,630.0,,,False,False,VBD,Mike Boone,RB,CAR,2.442979331998297,True,
13.0,631.0,,,False,False,VBD,Jordan Mims,RB,TEN,2.437545946141788,True,
13.0,632.0,,,False,False,VBD,Simi Fehoko,WR,ARI,2.544617770711061,True,
13.0,633.0,,,False,False,VBD,Jalin Hyatt,WR,NYG,2.541020479276453,True,
13.0,634.0,,,False,False,VBD,Jalen Brooks,WR,DAL,2.521507515659789,True,
13.0,635.0,,,False,False,VBD,Xavier Smith,WR,LA,2.520018848390976,True,
13.0,636.0,,,False,False,VBD,Mason Rudolph,QB,PIT,7.773178166798242,True,
13.0,637.0,,,False,False,VBD,Hassan Haskins,RB,LAC,2.3707832035376626,True,
13.0,638.0,,,False,False,VBD,Braxton Berrios,WR,HOU,2.483733537029134,True,
13.0,639.0,,,False,False,VBD,Tyler Goodson,RB,IND,2.364302450757432,True,
13.0,640.0,,,False,False,VBD,Godwin Igwebuike,RB,PIT,2.359387006493108,True,
13.0,641.0,,,False,False,VBD,Dillon Gabriel,QB,CLE,7.722787364772476,True,IR
13.0,642.0,,,False,False,VBD,Isaiah Williams,WR,NYJ,2.45634285799662,True,
13.0,643.0,,,False,False,VBD,Bailey Zappe,QB,CLE,7.706105755079977,True,
13.0,644.0,,,False,False,VBD,Kadarius Toney,WR,CLE,2.4522400398745443,True,
13.0,645.0,,,False,False,VBD,British Brooks,RB,HOU,2.321298817775649,True,Questionable
13.0,646.0,,,False,False,VBD,Jake Bobo,WR,SEA,2.425757962527128,True,IR
13.0,647.0,,,False,False,VBD,Ben VanSumeren,RB,PHI,2.305145077457885,,
13.0,648.0,,,False,False,VBD,Tom Kennedy,WR,DET,2.417464878995485,True,
13.0,649.0,,,False,False,VBD,Miles Boykin,WR,PIT,2.4169266560665914,True,
13.0,650.0,,,False,False,VBD,Laviska Shenault Jr.,WR,SEA,2.4117905493721783,True,
13.0,651.0,,,False,False,VBD,Mecole Hardman,WR,BUF,2.3974804883308254,True,
13.0,652.0,,,False,False,VBD,Andy Dalton,QB,CAR,7.639366546464423,True,
13.0,653.0,,,False,False,VBD,Trayveon Williams,RB,CLE,2.258319123770012,True,
13.0,654.0,,,False,False,VBD,Trey Sermon,RB,PIT,2.245094721387825,True,IR
13.0,655.0,,,False,False,VBD,Brycen Tremayne,WR,CAR,2.3016075297796643,True,
13.0,656.0,,,False,False,VBD,Ty Montgomery,WR,NE,2.296292540290134,True,
13.0,657.0,,,False,False,VBD,Tyler Scott,WR,CHI,2.2950690682412027,True,
13.0,658.0,,,False,False,VBD,Gage Larvadain,WR,CLE,2.291419641312225,True,
13.0,659.0,,,False,False,VBD,Rasheen Ali,RB,BAL,2.1341806827337333,True,
13.0,660.0,,,False,False,VBD,Velus Jones Jr.,WR,NO,2.249186674108178,True,
13.0,661.0,,,False,False,VBD,Arian Smith,WR,NYJ,2.244051220259593,True,
13.0,662.0,,,False,False,VBD,Ashton Dulin,WR,IND,2.2266062483146056,True,
13.0,663.0,,,False,False,VBD,Davis Mills,QB,HOU,7.476385611255219,True,
13.0,664.0,,,False,False,VBD,Craig Reynolds,RB,DET,2.105347776916464,True,
13.0,665.0,,,False,False,VBD,Brady Cook,QB,NYJ,7.4495088942145085,True,
13.0,666.0,,,False,False,VBD,Tylan Wallace,WR,BAL,2.18851741567339,True,
13.0,667.0,,,False,False,VBD,Tahj Brooks,RB,CIN,2.059557282467244,True,
13.0,668.0,,,False,False,VBD,Chase Edmonds,RB,WAS,2.0287486656749976,True,
13.0,669.0,,,False,False,VBD,Will Shipley,RB,PHI,2.012253938954827,True,
13.0,670.0,,,False,False,VBD,KhaDarel Hodge,WR,ATL,2.121676052360901,True,
13.0,671.0,,,False,False,VBD,Tim Jones,WR,JAX,2.1031528148050875,True,
13.0,672.0,,,False,False,VBD,Laquon Treadwell,WR,IND,2.091036307566914,True,
13.0,673.0,,,False,False,VBD,Trevor Etienne,RB,CAR,1.929218742800452,True,IR
13.0,674.0,,,False,False,VBD,DJ Turner,WR,LV,2.0264220455743183,True,Questionable
13.0,675.0,,,False,False,VBD,Patrick Ricard,RB,BAL,1.8881031509738404,,
13.0,676.0,,,False,False,VBD,Jacob Cowing,WR,SF,1.992236818330108,True,Questionable
13.0,677.0,,,False,False,VBD,Jacob Saylors,RB,DET,1.8689430049653173,True,
13.0,678.0,,,False,False,VBD,Ke'Shawn Williams,WR,CIN,1.9835474422509185,True,
13.0,679.0,,,False,False,VBD,Gunner Olszewski,WR,NYG,1.972737773413041,True,IR
13.0,680.0,,,False,False,VBD,Jakob Johnson,RB,HOU,1.8398253579064936,,
13.0,681.0,,,False,False,VBD,Tai Felton,WR,MIN,1.9242762880517927,True,
13.0,682.0,,,False,False,VBD,James Proche,WR,TEN,1.917052898438676,True,
13.0,683.0,,,False,False,VBD,Jamal Agnew,WR,ATL,1.903871491298602,True,Questionable
13.0,684.0,,,False,False,VBD,Deven Thompkins,WR,ATL,1.8922069169284368,True,
13.0,685.0,,,False,False,VBD,Raheem Blackshear,RB,CAR,1.7725744794254248,True,Questionable
13.0,686.0,,,False,False,VBD,Trent Sherfield,WR,ARI,1.8617140748893424,True,
13.0,687.0,,,False,False,VBD,Josh Johnson,QB,WAS,7.112869705360996,True,
13.0,688.0,,,False,False,VBD,Dee Eskridge,WR,MIA,1.838065402217675,True,
13.0,689.0,,,False,False,VBD,D'Ernest Johnson,RB,ARI,1.7144110534464203,True,
13.0,690.0,,,False,False,VBD,Mason Kinsey,WR,TEN,1.8177905493721784,True,
13.0,691.0,,,False,False,VBD,Skyy Moore,WR,SF,1.8144809228297984,True,
13.0,692.0,,,False,False,VBD,Alex Bachman,WR,LV,1.7893665497283266,True,
13.0,693.0,,,False,False,VBD,PJ Walker,QB,CLE,7.0404179851236,True,
13.0,694.0,,,False,False,VBD,Deonte Harty,WR,BAL,1.7791471549974918,True,Questionable
13.0,695.0,,,False,False,VBD,Britain Covey,WR,PHI,1.7771970786958002,True,
13.0,696.0,,,False,False,VBD,Derius Davis,WR,LAC,1.7653133237566667,True,
13.0,697.0,,,False,False,VBD,Taylor Heinicke,QB,LAC,7.014439855757307,True,
13.0,698.0,,,False,False,VBD,Ben Skowronek,WR,PIT,1.7465519838067358,True,Questionable
13.0,699.0,,,False,False,VBD,Trent Taylor,WR,SF,1.7285350660115482,True,
13.0,700.0,,,False,False,VBD,Sione Vaki,RB,DET,1.606120916713495,True,
13.0,701.0,,,False,False,VBD,Nikko Remigio,WR,KC,1.695578927397291,True,
13.0,702.0,,,False,False,VBD,Zach Pascal,WR,ARI,1.6949985886806462,True,
13.0,703.0,,,False,False,VBD,Jha'Quan Jackson,WR,TEN,1.6909429547184598,True,
13.0,704.0,,,False,False,VBD,Jaelon Darden,WR,CLE,1.6853873991629045,True,
13.0,705.0,,,False,False,VBD,Eric Gray,RB,NYG,1.5671853345201507,True,
13.0,706.0,,,False,False,VBD,Kameron Johnson,WR,TB,1.6654829393112172,True,
13.0,707.0,,,False,False,VBD,Dareke Young,WR,SEA,1.6334987811332853,True,
13.0,708.0,,,False,False,VBD,Mitchell Trubisky,QB,BUF,6.878054253754765,True,Questionable
13.0,709.0,,,False,False,VBD,Tim Boyle,QB,MIA,6.8574664863633,True,
13.0,710.0,,,False,False,VBD,Steven Sims,WR,ARI,1.5926031186964087,True,
13.0,711.0,,,False,False,VBD,Kene Nwangwu,RB,NYJ,1.3931550417080922,True,
13.0,712.0,,,False,False,VBD,LaJohntay Wester,WR,BAL,1.456848659246614,True,
13.0,713.0,,,False,False,VBD,Irvin Charles,WR,NYJ,1.456848659246614,True,IR
13.0,714.0,,,False,False,VBD,Chris Oladokun,QB,KC,6.690126450302627,True,IR
13.0,715.0,,,False,False,VBD,Reggie Gilliam,RB,BUF,1.2957314793997314,True,
13.0,716.0,,,False,False,VBD,Anthony Gould,WR,IND,1.3953141546700183,True,
13.0,717.0,,,False,False,VBD,Avery Williams,RB,NYJ,1.2780012951837665,True,
13.0,718.0,,,False,False,VBD,Julius Chestnut,RB,TEN,1.255415173840297,True,
13.0,719.0,,,False,False,VBD,Jaren Hall,QB,MIN,6.622733092928845,True,
13.0,720.0,,,False,False,VBD,Travis Homer,RB,CHI,1.238087278772772,True,
13.0,721.0,,,False,False,VBD,Dylan Laube,RB,LV,1.2238580698478227,True,
13.0,722.0,,,False,False,VBD,Xavier Gipson,WR,NYJ,1.3386128015479737,True,
13.0,723.0,,,False,False,VBD,Myles Price,WR,MIN,1.3244078720423762,True,
13.0,724.0,,,False,False,VBD,Ihmir Smith-Marsette,WR,NYG,1.291839851615865,True,
13.0,725.0,,,False,False,VBD,DeeJay Dallas,RB,CAR,1.143176731419309,True,
13.0,726.0,,,False,False,VBD,Devin Duvernay,WR,CHI,1.2007379327611074,True,
13.0,727.0,,,False,False,VBD,DeAndre Carter,WR,CLE,1.1431935603925378,True,
13.0,728.0,,,False,False,VBD,Sam Howell,QB,SEA,6.395348439260082,True,
13.0,729.0,,,False,False,VBD,Brady Russell,RB,SEA,1.022401036147013,True,
13.0,730.0,,,False,False,VBD,Charlie Jones,WR,CIN,1.0459695609158528,True,
13.0,731.0,,,False,False,VBD,Brett Rypien,QB,CIN,6.265590235785988,True,
13.0,732.0,,,False,False,VBD,C.J. Beathard,QB,JAX,6.245383153029967,True,
13.0,733.0,,,False,False,VBD,Hendon Hooker,QB,DET,6.240510870706623,True,
13.0,734.0,,,False,False,VBD,Drew Lock,QB,SEA,6.169296558484646,True,
13.0,735.0,,,False,False,VBD,Gardner Minshew,QB,KC,6.116599939898878,True,
13.0,736.0,,,False,False,VBD,Jarrett Stidham,QB,DEN,6.084508894214509,True,
13.0,737.0,,,False,False,VBD,Jalen Milroe,QB,SEA,5.987177537373289,True,
13.0,738.0,,,False,False,VBD,Brandon Allen,QB,TEN,5.9864597836359605,True,
13.0,739.0,,,False,False,VBD,Trey Lance,QB,LAC,5.890328416882829,True,
14.0,740.0,,,False,False,VBD,Teddy Bridgewater,QB,TB,5.599888355064532,True,NA
15.0,741.0,,,False,False,VBD,Kenny Pickett,QB,LV,5.139694178265274,True,
15.0,742.0,,,False,False,VBD,Tyson Bagent,QB,CHI,5.032911637432918,True,
15.0,743.0,,,False,False,VBD,Zach Wilson,QB,MIA,4.86038215273496,True,
15.0,744.0,,,False,False,VBD,Kyle Trask,QB,TB,4.834963439669054,True,
15.0,745.0,,,False,False,VBD,Dorian Thompson-Robinson,QB,CLE,4.818738231988851,True,
15.0,746.0,,,False,False,VBD,Jake Haener,QB,NO,4.766042702597114,True,
15.0,747.0,,,False,False,VBD,Nick Mullens,QB,JAX,4.705863044018927,True,
15.0,748.0,,,False,False,VBD,Mike White,QB,BUF,4.621789577155868,True,
15.0,749.0,,,False,False,VBD,Max Brosmer,QB,MIN,4.592661372027663,True,
15.0,750.0,,,False,False,VBD,Cooper Rush,QB,BAL,4.538582191401563,True,
16.0,751.0,,,False,False,VBD,Kyle Allen,QB,DET,3.631439855757307,True,
17.0,752.0,,,False,False,VBD,Clayton Tune,QB,GB,3.320975324720681,True,
