vbd_rank,tier,player_name,position,team,shrunk_ppg,vbd
1,1,Puka Nacua,WR,LA,18.998992404875118,128.62948814224941
2,1,Jahmyr Gibbs,RB,DET,18.860579531303006,128.25564170295505
3,1,Christian McCaffrey,RB,SF,18.722141967763307,125.90220312278015
4,2,Ja'Marr Chase,WR,CIN,18.57803534133032,121.47321806198785
5,2,Bijan Robinson,RB,ATL,18.4207373874458,120.77832525738256
6,3,Amon-Ra St. Brown,WR,DET,17.757448575781357,107.52324304765547
7,4,Jonathan Taylor,RB,IND,17.288399552841916,101.52858206911652
8,4,De'Von Achane,RB,MIA,17.2309112099235,100.55128023950347
9,5,Trey McBride,TE,ARI,14.678797993741982,91.49948036372862
10,6,Josh Allen,QB,BUF,21.736596832318835,85.86244206896738
11,7,CeeDee Lamb,WR,DAL,16.243650170692046,81.78867016113719
12,7,Derrick Henry,RB,BAL,15.99084265060369,79.47011473106669
13,7,Kyren Williams,RB,LA,15.918594467629733,78.24189562050941
14,8,Saquon Barkley,RB,PHI,15.684386586788111,74.26036164620184
15,8,James Cook,RB,BUF,15.592390523566154,72.69642857142856
16,8,Jaxon Smith-Njigba,WR,SEA,15.606438126051444,70.95606540224695
17,8,George Kittle,TE,SF,13.247267501166002,67.16346198993695
18,9,Brock Bowers,TE,LV,12.951199339006775,62.1303032332301
19,9,Josh Jacobs,RB,GB,14.835375642769472,59.827175597884974
20,9,Nico Collins,WR,HOU,14.826061941352757,57.68967026236927
21,9,Joe Mixon,RB,HOU,14.68885344061886,57.33629816132457
22,9,Davante Adams,WR,LA,14.739787459009264,56.223004062529895
23,9,Rashee Rice,WR,KC,14.696381564262712,55.4851038518385
24,9,A.J. Brown,WR,PHI,14.514991666566411,52.40147559100139
25,9,Justin Jefferson,WR,MIN,14.322231228404528,49.124548142249374
26,9,Drake London,WR,ATL,14.267675656451958,48.19710341905569
27,10,Jalen Hurts,QB,PHI,19.135837214834545,41.64952857173446
28,10,Lamar Jackson,QB,BAL,19.0915645337483,40.896892993268295
29,10,Tyreek Hill,WR,MIA,13.815261346298014,40.50606014643864
30,10,Breece Hall,RB,NYJ,13.49845537800532,37.099531096894374
31,10,Tee Higgins,WR,CIN,13.545654959665162,35.922751573680166
32,10,George Pickens,WR,DAL,13.47171176610752,34.66571728320024
33,10,Travis Kelce,TE,KC,11.32244574078689,34.44149206349205
34,11,Malik Nabers,WR,NYG,13.106503927397291,28.45718402512636
35,11,Sam LaPorta,TE,DET,10.944236956751263,28.011942734886397
36,11,Chase Brown,RB,CIN,12.888934000501704,26.73766767933292
37,11,Chris Olave,WR,NO,12.974716808368091,26.216803001629962
38,11,Garrett Wilson,WR,NYJ,12.957468229752717,25.92357716516859
39,11,Alvin Kamara,RB,NO,12.733072225853572,24.08801751031467
40,11,Stefon Diggs,WR,NE,12.838182039391972,23.895711929035933
41,11,D'Andre Swift,RB,CHI,12.61612783789837,22.099962915076233
42,11,Bucky Irving,RB,TB,12.561173401844878,21.165737502166863
43,11,Zay Flowers,WR,BAL,12.649242168218333,20.68373411908406
44,11,Travis Etienne,RB,JAX,12.484220886026714,19.85754473325808
45,11,Mike Evans,WR,TB,12.585785211766003,19.60496585939446
46,11,Brock Purdy,QB,SF,17.830322175186563,19.455772897718756
47,11,Patrick Mahomes,QB,KC,17.787035535314608,18.719900019895526
48,11,Courtland Sutton,WR,DEN,12.466667560581657,17.57996578926057
49,11,Tucker Kraft,TE,GB,10.309471023398048,17.220921867881742
50,11,DeVonta Smith,WR,PHI,12.42021676591281,16.790302279890184
51,11,Keenan Allen,WR,LAC,12.3793595132526,16.095728984666614
52,11,Kenneth Walker III,RB,SEA,12.248774252914046,15.85495197034273
53,11,Dallas Goedert,TE,PHI,10.22016065925239,15.702645677405542
54,11,Ashton Jeanty,RB,LV,12.077044829756971,12.93555177667246
55,11,James Conner,RB,ARI,12.067158712747643,12.767487787513879
56,11,Javonte Williams,RB,DAL,11.94755297158821,10.734190187803527
57,11,DK Metcalf,WR,PIT,12.02626871509485,10.09318541598487
58,11,Jared Goff,QB,DET,17.19558943572561,8.665316326882532
59,11,Terry McLaurin,WR,WAS,11.901092404875117,7.96518814224939
60,11,David Montgomery,RB,DET,11.77501099012108,7.800976502862309
61,11,DJ Moore,WR,CHI,11.83854338920934,6.901854875931184
62,11,Harold Fannin Jr.,TE,CLE,9.569393556263009,4.63960492658607
63,11,Rhamondre Stevenson,RB,NE,11.536621735331934,3.748359171446827
64,11,David Njoku,TE,CLE,9.509428183090185,3.6201935826480582
65,11,Chris Godwin Jr.,WR,TB,11.614561475761027,3.094162347309867
66,11,Baker Mayfield,QB,TB,16.860010488357187,2.9604742216193607
67,11,Kyle Pitts,TE,ATL,9.452397512943618,2.6506721901564223
68,11,Joe Burrow,QB,CIN,16.792085241345934,1.8057450224280593
69,11,Matthew Stafford,QB,LA,16.784357476272454,1.6743730161789117
70,11,Drake Maye,QB,NE,16.78052678756102,1.609251308084513
71,11,Ladd McConkey,WR,LAC,11.43255192591927,0.0
72,11,Bo Nix,QB,DEN,16.68586494590899,0.0
73,11,Jake Ferguson,TE,DAL,9.296475619405005,0.0
74,11,Tony Pollard,RB,TEN,11.316130019364474,0.0
75,11,Cam Skattebo,RB,NYG,11.312287934600745,-0.06531544098339381
76,11,Trevor Lawrence,QB,JAX,16.652140952242632,-0.5733078923280601
77,11,Deebo Samuel Sr.,WR,WAS,11.390303971505109,-0.7182152250407476
78,11,Justin Herbert,QB,LAC,16.625325889474023,-1.0291639593944133
79,11,Michael Pittman,WR,IND,11.34795432528754,-1.4381592107394052
80,11,Dak Prescott,QB,DAL,16.556185249041803,-2.2045548467421554
81,11,Tyler Warren,TE,IND,9.157680792947223,-2.35951204978228
82,11,Mark Andrews,TE,BAL,9.148114341226313,-2.522141729037765
83,11,Hunter Henry,TE,NE,9.121006697750673,-2.9829716681236427
84,11,Omarion Hampton,RB,LAC,11.09146873896069,-3.8192417668643124
85,11,Jakobi Meyers,WR,JAX,11.1986934643059,-3.9755938474272803
86,11,J.K. Dobbins,RB,DEN,11.07132411307009,-4.161700407004512
87,11,Jameson Williams,WR,DET,11.186722208796686,-4.179105191083929
88,11,Brian Thomas Jr.,WR,JAX,11.153968841473295,-4.735912435581573
89,11,Aaron Jones,RB,MIN,11.003887058759757,-5.308130330280189
90,11,Jaylen Warren,RB,PIT,10.936020183480368,-6.461867210029801
91,11,Tank Dell,WR,HOU,11.051232439497744,-6.482431269165952
92,11,Wan'Dale Robinson,WR,NYG,11.036900374884368,-6.726076367593336
93,11,Jayden Daniels,QB,WAS,16.261828331239997,-7.208622449372868
94,11,Jaylen Waddle,WR,MIA,10.996659838360015,-7.410165488507333
95,11,Rachaad White,RB,TB,10.818011260358263,-8.46801890310558
96,11,Jordan Addison,WR,MIN,10.89133319473286,-9.200718430168967
97,11,Caleb Williams,QB,CHI,16.14348994590899,-9.220374999999997
98,11,Dalton Kincaid,TE,BUF,8.744118069434624,-9.390078349496477
99,11,Dalton Schultz,TE,HOU,8.728459739795756,-9.656269953357224
100,11,Juwan Johnson,TE,NO,8.701008026843292,-10.122949073549117
101,11,Rico Dowdle,RB,CAR,10.667788265705855,-11.021809812196514
102,11,Chuba Hubbard,RB,CAR,10.604549606106152,-12.096867025391465
103,11,T.J. Hockenson,TE,MIN,8.569420106618539,-12.359943717369918
104,11,Zach Ertz,TE,WAS,8.53562123681026,-12.934524504110671
105,11,Colston Loveland,TE,CHI,8.5103026471721,-13.364940527959376
106,11,Tetairoa McMillan,WR,CAR,10.545085790649228,-15.086924299590716
107,11,Darren Waller,TE,MIA,8.391110798930352,-15.391201948069089
108,11,RJ Harvey,RB,DEN,10.403131786278712,-15.520969962457958
109,11,Quentin Johnston,WR,LAC,10.507860977186589,-15.71974612845559
110,11,TreVeyon Henderson,RB,NE,10.385740481930888,-15.816622136370954
111,11,Evan Engram,TE,DEN,8.294237977993095,-17.03803990400246
112,11,Kyler Murray,QB,ARI,15.60092837127143,-18.443921768838514
113,11,Brandon Aiyuk,WR,SF,10.227383311795696,-20.487866440100753
114,11,Jayden Reed,WR,GB,10.206909818374127,-20.83591582826743
115,11,Christian Watson,WR,GB,10.162712377147225,-21.58727232912478
116,11,Jordan Love,QB,GB,15.350684753849182,-22.698063265016728
117,11,Tyrone Tracy Jr.,RB,NYG,9.98012052905311,-22.71216133529318
118,11,Cade Otton,TE,TB,7.9444212987981935,-22.98492345031579
119,11,Jauan Jennings,WR,SF,10.05373205348632,-23.43993783136016
120,11,Quinshon Judkins,RB,CLE,9.923601554220518,-23.672983907447247
121,11,Cooper Kupp,WR,SEA,9.95170956199128,-25.174320186775844
122,11,Michael Wilson,WR,ARI,9.929181371725551,-25.55729942129322
123,11,Zack Moss,RB,CIN,9.801985804035066,-25.74045166059993
124,11,Marvin Harrison Jr.,WR,ARI,9.889400214247363,-26.23357909842242
125,11,Amari Cooper,WR,BUF,9.834420779948989,-27.168229481494787
126,11,Rome Odunze,WR,CHI,9.822332637216554,-27.37372790794617
127,11,Zach Charbonnet,RB,SEA,9.672328372657727,-27.944627994014695
128,11,Pat Freiermuth,TE,PIT,7.636298347389794,-28.223013624258577
129,11,Khalil Shakir,WR,BUF,9.706994777074192,-29.334471530366336
130,11,Emeka Egbuka,WR,TB,9.688564051518794,-29.647793864808094
131,11,Alec Pierce,WR,IND,9.658331747433383,-30.16174303426008
132,11,Jonnu Smith,TE,PIT,7.500292249785723,-30.535117283527793
133,11,Jaxson Dart,QB,NYG,14.85322989181798,-31.154795919547148
134,11,Romeo Doubs,WR,GB,9.548303913493738,-32.032216211234044
135,11,Oronde Gadsden II,TE,LAC,7.406031344656485,-32.13755267072483
136,11,Josh Downs,WR,IND,9.511127288569355,-32.66421883494856
137,12,C.J. Stroud,QB,HOU,14.508636857766666,-37.01287749841949
138,12,Kareem Hunt,RB,KC,8.985042930499043,-39.62848051071232
139,12,Tyler Higbee,TE,LA,6.960391908954495,-39.71342307765866
140,12,Jerry Jeudy,WR,CLE,9.057724311075471,-40.372069452344576
141,12,Theo Johnson,TE,NYG,6.904313183567182,-40.66676140924299
142,12,Taysom Hill,TE,NO,6.8954352541882304,-40.81768620868516
143,12,Calvin Ridley,WR,TEN,9.00342031271356,-41.295237424497074
144,12,Logan Thomas,TE,WAS,6.8603026471721,-41.41494052795938
145,12,AJ Barner,TE,SEA,6.795283575916974,-42.52026473929652
146,12,Brenton Strange,TE,JAX,6.76623299510807,-43.01412461304788
147,12,Chig Okonkwo,TE,TEN,6.744383602985678,-43.385564279128545
148,12,Justin Fields,QB,NYJ,14.040618701496642,-44.96918615500989
149,12,Alexander Mattison,RB,LV,8.617477053932037,-45.87710041235143
150,12,Austin Ekeler,RB,WAS,8.598295031894423,-46.203194786990856
151,12,Rashid Shaheed,WR,NO,8.710826564603435,-46.2693311423692
152,12,Daniel Jones,QB,IND,13.962842722064488,-46.29137780535651
153,12,Cole Kmet,TE,CHI,6.525864041440484,-47.10039682539685
154,12,Kenny Gainwell,RB,PIT,8.48486032398632,-48.13158482142862
155,12,Tyjae Spears,RB,TEN,8.466370557094145,-48.445910858595596
156,12,Xavier Worthy,WR,KC,8.554152032914786,-48.93279818107624
157,12,Colby Parkinson,TE,LA,6.395085035474799,-49.3236399268135
158,12,Isiah Pacheco,RB,KC,8.315267810077293,-51.014657557882074
159,12,Marquise Brown,WR,KC,8.403794233688398,-51.488880767924826
160,12,Isaiah Likely,TE,BAL,6.2390894863156126,-51.97556426251967
161,12,Derek Carr,QB,NO,13.610766779354927,-52.27666883141905
162,12,Ricky Pearsall,WR,SF,8.305481874634147,-53.1601908718471
163,12,Mike Gesicki,TE,CIN,6.163068705533052,-53.26791753582319
164,12,Noah Fant,TE,CIN,5.986536149184649,-56.26897099374605
165,12,Woody Marks,RB,HOU,7.989637776564109,-56.5503681276062
166,12,Tua Tagovailoa,QB,MIA,13.35535536936266,-56.61866280128758
167,13,Mason Taylor,TE,NYJ,5.738245170409799,-60.48991763291849
168,13,Parker Washington,WR,JAX,7.859764812644565,-60.73738092566999
169,13,Brian Robinson,RB,SF,7.68113181949658,-61.7949693977542
170,13,Keon Coleman,WR,BUF,7.788279118455216,-61.95263772688893
171,13,Tre Tucker,WR,LV,7.770251094840777,-62.25911412833439
172,13,Geno Smith,QB,LV,13.023038878895427,-62.26804313923055
173,13,Jacory Croskey-Merritt,RB,WAS,7.607479612365669,-63.047056918979685
174,13,Kyle Monangai,RB,CHI,7.537914394974365,-64.22966561463186
175,13,Jalen McMillan,WR,TB,7.606822830783006,-65.0373946173165
176,13,Najee Harris,RB,LAC,7.48297017113768,-65.1637174198555
177,13,Gus Edwards,RB,LAC,7.443760587100463,-65.83028034848819
178,13,Bryce Young,QB,CAR,12.812258749600325,-65.85130533724728
179,13,Jalen Coker,WR,CAR,7.555606185176153,-65.90807759263299
180,13,Darrell Henderson,RB,LA,7.41720310844104,-66.28175748569838
181,13,Luther Burden III,WR,CHI,7.477951104044394,-67.2282139718729
182,13,Sam Darnold,QB,SEA,12.72333525084484,-67.36300481609052
183,13,Troy Franklin,WR,DEN,7.462709201197358,-67.48732632027252
184,13,Michael Thomas,WR,NO,7.433560824058268,-67.98284873163705
185,13,Dawson Knox,TE,BUF,5.260626110759327,-68.60944164697652
186,13,Jordan Mason,RB,MIN,7.278890621688207,-68.63306976049654
187,13,Christian Kirk,WR,HOU,7.374205049224214,-68.99189690381596
188,13,Nick Chubb,RB,HOU,7.2007778844433465,-69.96098629365916
189,13,Gunnar Helm,TE,TEN,5.173939010808462,-70.08312234614122
190,13,Tyler Shough,QB,NO,12.555564578609388,-70.2151062440932
191,13,Michael Carter,RB,ARI,7.156917141035501,-70.70661893159254
192,13,Jake Tonges,TE,SF,5.116758790988121,-71.05518608308702
193,13,DeAndre Hopkins,WR,BAL,7.235396822387689,-71.35163676003688
194,13,Donald Parham,TE,LAC,5.081332911889309,-71.65742602776683
195,13,Darnell Mooney,WR,ATL,7.182762779536486,-72.24641548850732
196,13,Kirk Cousins,QB,ATL,12.426015732535776,-72.41743662734463
197,13,Tyler Conklin,TE,LAC,4.944660215741654,-73.98086186227697
198,13,Kendrick Bourne,WR,SF,7.075192186766165,-74.0751155656028
199,13,Devaughn Vele,WR,NO,7.071970654040621,-74.12988162193703
200,13,Justice Hill,RB,BAL,6.927559172008733,-74.60570440504759
201,13,DeMario Douglas,WR,NE,7.038475445864083,-74.6993001609382
202,13,Darius Slayton,WR,NYG,7.019892549390667,-75.01520940098627
203,13,Devin Singletary,RB,NYG,6.902623025064146,-75.02961890310559
204,13,Audric Estimé,RB,NO,6.884251295183765,-75.34193831107204
205,13,Tanner Hudson,TE,CIN,4.85144121363386,-75.56558489810945
206,13,Tyler Allgeier,RB,ATL,6.847579492708955,-75.96535895314382
207,13,Jerome Ford,RB,CLE,6.802531248708247,-76.73117910115586
208,13,Jayden Higgins,WR,HOU,6.897259703692708,-77.09996777785156
209,13,Michael Mayer,TE,LV,4.734583205074552,-77.5521710436177
210,13,Austin Hooper,TE,NE,4.704869602379982,-78.0573022894254
211,13,Tyrell Shavers,WR,BUF,6.817205580981086,-78.46088786394914
212,13,Jimmy Graham,TE,NO,4.668888186482182,-78.66898635968799
213,13,Tony Jones,RB,ARI,6.664515211621313,-79.07745173163373
214,13,Josh Oliver,TE,MIN,4.633995033556149,-79.26216995943055
215,13,Russell Wilson,QB,NYG,12.008778092982348,-79.51047649975288
216,13,Kayshon Boutte,WR,NE,6.737409068776413,-79.81742857142856
217,13,Kimani Vidal,RB,LAC,6.619605505761909,-79.84091673124361
218,13,Tommy Tremble,TE,CAR,4.556956338502598,-80.57182777534092
219,13,Miles Sanders,RB,DAL,6.560355876974238,-80.84816042063402
220,13,Joe Flacco,QB,CIN,11.91687216096125,-81.07287734411157
221,13,Mike Williams,WR,NYJ,6.652468037026042,-81.26142611118489
222,13,Elic Ayomanor,WR,TEN,6.619862417496922,-81.81572164317993
223,13,Ja'Tavion Sanders,TE,CAR,4.468913885993521,-82.06854946799523
224,13,Trey Benson,RB,ARI,6.485092322018653,-82.12764085487895
225,13,Jacoby Brissett,QB,ARI,11.807261994357228,-82.93625017637993
226,13,Xavier Legette,WR,CAR,6.516304810692564,-83.57620095885402
227,13,Jerick McKinnon,RB,KC,6.390668393578355,-83.73284763836402
228,13,Terrance Ferguson,TE,LA,4.366274013987423,-83.81342729209888
229,13,Raheem Mostert,RB,LV,6.361967230931998,-84.22076740335208
230,13,Easton Stick,QB,LAC,11.731327076032692,-84.22714378789706
231,13,Noah Gray,TE,KC,4.311264718858524,-84.74858530929016
232,13,Ezekiel Elliott,RB,DAL,6.308582861354453,-85.12830168617036
233,13,Adam Thielen,WR,MIN,6.422101733272327,-85.17765327499804
234,13,A.T. Perry,WR,NO,6.409783798923733,-85.38705815892413
235,13,Jordan Akins,TE,CLE,4.178635290310375,-87.00328559460871
236,13,Chimere Dike,WR,TEN,6.314651008040533,-87.00431560393854
237,13,Mack Hollins,WR,NE,6.309123902533631,-87.09827639755586
238,13,Tory Horton,WR,SEA,6.3026409417808775,-87.20848673035267
239,13,Dontayvion Wicks,WR,GB,6.296770213279215,-87.30828911488094
240,13,Erick All,TE,CIN,4.137618445556155,-87.70057195543043
241,13,Tyler Boyd,WR,TEN,6.273338303628249,-87.70663157894737
242,13,Darnell Washington,TE,PIT,4.1138491482523465,-88.10465000959519
243,13,Demarcus Robinson,WR,SF,6.212835631934069,-88.73517699774843
244,13,Josh Palmer,WR,BUF,6.202793950037185,-88.90588558999545
245,13,Will Dissly,TE,LAC,4.053292229104799,-89.1341176351035
246,13,Marcus Mariota,QB,WAS,11.42331418268379,-89.46336297482839
247,13,Rashod Bateman,WR,BAL,6.168624079083262,-89.48677339621214
248,13,Deshaun Watson,QB,CLE,11.417003896149252,-89.57063784591553
249,13,Devin Neal,RB,NO,6.044802072294026,-89.61257510019762
250,13,Jawhar Jordan,RB,HOU,6.037203108441039,-89.74175748569839
251,13,Diontae Johnson,WR,BAL,6.121841830107134,-90.28207162880632
252,13,Theo Wease Jr.,WR,MIA,6.1152192427702525,-90.3946556135333
253,13,Jackson Hawes,TE,BUF,3.9382451704097994,-91.08991763291849
254,13,J.J. McCarthy,QB,MIN,11.304037364772476,-91.49106887932072
255,13,Gabe Davis,WR,BUF,6.046341399603481,-91.56557894736842
256,13,Chris Rodriguez Jr.,RB,WAS,5.900942090717953,-92.05819478699085
257,13,D'Onta Foreman,RB,CLE,5.8851745767097485,-92.32624252513033
258,13,Brock Wright,TE,DET,3.845246335573628,-92.67089782513341
259,13,Marvin Mims Jr.,WR,DEN,5.971316496888724,-92.8410022935193
260,13,Aaron Rodgers,QB,PIT,11.21762744590899,-92.96003749999998
261,13,Bam Knight,RB,ARI,5.7977682208871855,-93.8121505741139
262,13,Sincere McCormick,RB,LV,5.787203108441039,-93.99175748569839
263,13,Greg Dulcich,TE,MIA,3.762441601066741,-94.07857831175048
264,13,Bhayshul Tuten,RB,JAX,5.774858623067161,-94.20161373705433
265,13,Andrei Iosivas,WR,CIN,5.888501653634072,-94.24885462884838
266,13,Luke Musgrave,TE,GB,3.741951964144611,-94.42690213942669
267,13,Devin Culp,TE,TB,3.731388186482181,-94.60648635968799
268,13,Quez Watkins,WR,PHI,5.848815744084753,-94.9235150911868
269,13,Dylan Sampson,RB,CLE,5.727239575448113,-95.01113754657813
270,13,Shane Zylstra,TE,DET,3.700184248642908,-95.13695330295565
271,13,Rondale Moore,WR,ARI,5.83204231238836,-95.20866343002547
272,13,Noah Brown,WR,WAS,5.817431686317462,-95.45704407323073
273,13,Daniel Bellinger,TE,NYG,3.677774944966677,-95.51791146545158
274,13,Cedric Tillman,WR,CLE,5.8056141268762085,-95.65794258373205
275,13,Gerald Everett,TE,CHI,3.664300803369447,-95.74697187260449
276,13,Cam Ward,QB,TEN,11.04976512331998,-95.81369698401313
277,13,Tez Johnson,WR,TB,5.787474913568204,-95.96630920996813
278,13,Salvon Ahmed,RB,MIA,5.659387006493107,-96.16463121881324
279,13,Olamide Zaccheaus,WR,CHI,5.7421033255705405,-96.73762620592841
280,13,Irv Smith,TE,CIN,3.601666139861636,-96.81176115223727
281,13,Foster Moreau,TE,NO,3.5873491364831347,-97.0551502096718
282,13,Samaje Perine,RB,CIN,5.58292462934222,-97.4644916303783
283,13,Michael Penix Jr.,QB,ATL,10.933646558484648,-97.78771258621379
284,13,Adam Trautman,TE,DEN,3.537270123543623,-97.90649342964349
285,13,Calvin Austin III,WR,PIT,5.660519828604239,-98.12454565435553
286,13,Mitchell Evans,TE,CAR,3.516332911889309,-98.26242602776682
287,13,Carson Wentz,QB,MIN,10.886614131168542,-98.58726385058759
288,13,Bub Means,WR,NO,5.593697318493227,-99.26052832624273
289,13,Jameis Winston,QB,NYG,10.83616751585066,-99.4448563109916
290,13,Elijah Higgins,TE,ARI,3.4454588115754685,-99.46728573310212
291,13,Malik Washington,WR,MIA,5.533678698389039,-100.28084486801393
292,13,Latavius Murray,RB,BUF,5.408191956400495,-100.43494707038764
293,13,Will Levis,QB,TEN,10.768157944556528,-100.60101902299184
294,13,Greg Dortch,WR,ARI,5.480936902126699,-101.1774554044737
295,13,Pat Bryant,WR,DEN,5.470367009733278,-101.35714357516187
296,13,Hayden Hurst,TE,LAC,3.330028476897929,-101.42960142262028
297,13,Antonio Gibson,RB,NE,5.349678513950503,-101.4296755920375
298,13,Davis Allen,TE,LA,3.3218909156374283,-101.56793996404879
299,13,James Mitchell,TE,CAR,3.3155229666357604,-101.67619509707716
300,13,Ryan Flournoy,WR,DAL,5.444565772831076,-101.7957646024993
301,13,Keleki Latu,TE,BUF,3.291850915309575,-102.07861996962231
302,13,Brandin Cooks,WR,BUF,5.414283354726891,-102.31056571027045
303,13,Blake Corum,RB,LA,5.295703604388509,-102.3472490545914
304,13,Tyler Lockett,WR,LV,5.3956611836955535,-102.62714261780319
305,13,Sterling Shepard,WR,TB,5.394045149091793,-102.6546152060671
306,13,Tutu Atwell,WR,LA,5.390002698652911,-102.72333686352812
307,13,Lawrence Cager,TE,NYG,3.247878021616925,-102.82615916239735
308,13,Ty Johnson,RB,BUF,5.266656096560597,-102.84105668766591
309,13,Mac Jones,QB,SF,10.629797550717594,-102.95314571825371
310,13,Tyler Johnson,WR,NYJ,5.373108995626,-103.0105298149856
311,13,Cole Turner,TE,WAS,3.223332731270441,-103.24342909828759
312,13,Melvin Gordon,RB,BAL,5.237203108441038,-103.3417574856984
313,13,Elijah Moore,WR,BUF,5.3527300377579845,-103.35697209874186
314,13,Elijah Arroyo,TE,SEA,3.2119293809361142,-103.43728605397114
315,13,DeVante Parker,WR,NE,5.344051220259593,-103.50451199621452
316,13,Jalen Tolbert,WR,DAL,5.330562335049495,-103.73382304478618
317,13,Jalen Nailor,WR,MIN,5.317233683611452,-103.96041011923292
318,13,Nick Vannett,TE,TEN,3.1795609598834838,-103.98754921186587
319,13,Michael Gallup,WR,DAL,5.315316962951466,-103.99299437045266
320,13,Kevin Harris,RB,NE,5.197203108441039,-104.02175748569839
321,13,David Bell,WR,CLE,5.311338601836045,-104.06062650941483
322,13,Brycen Hopkins,TE,LA,3.1751507488896524,-104.06252279876098
323,13,Cade Stover,TE,HOU,3.1523073681199816,-104.4508602718454
324,13,Drew Sample,TE,CIN,3.1331345568235784,-104.77679806388424
325,13,Brevin Jordan,TE,HOU,3.1265921243214545,-104.88801941642035
326,13,Isaac TeSlaa,WR,DET,5.251848659246614,-105.07195553343516
327,13,KaVontae Turpin,WR,DAL,5.243516932618571,-105.21359488611188
328,13,Grant Calcaterra,TE,PHI,3.1072320678117022,-105.21714037708614
329,13,Spencer Rattler,QB,NO,10.495273927626734,-105.24004731079833
330,13,Emari Demercado,RB,ARI,5.108173567277836,-105.53525968547284
331,13,Allen Lazard,WR,NYJ,5.223395009930598,-105.55566757180743
332,13,Kevin Austin Jr.,WR,NO,5.221847272891172,-105.58197910147767
333,13,Raheim Sanders,RB,CLE,5.09720310844104,-105.72175748569838
334,13,DJ Chark,WR,LAC,5.205647692229322,-105.85737197272913
335,13,Ainias Smith,WR,PHI,5.204108131659142,-105.88354450242218
336,13,Hunter Renfrow,WR,CAR,5.200977252272383,-105.93676945199708
337,13,Kendre Miller,RB,NO,5.080242953796004,-106.01008011466399
338,13,Josh Whyle,TE,GB,3.060370136234801,-106.01379321389346
339,13,Jaleel McLaughlin,RB,DEN,5.074977507428006,-106.09959270291995
340,13,Tay Martin,WR,WAS,5.172858131659142,-106.41479450242218
341,13,Dallin Holker,TE,NO,3.0251842486429084,-106.61195330295564
342,13,Jeremy Ruckert,TE,NYJ,3.0140863885211147,-106.80061692502613
343,13,Emanuel Wilson,RB,GB,5.020745788803891,-107.0215319195299
344,13,Mo Alie-Cox,TE,IND,2.997713737332992,-107.07895199522422
345,13,Ben Sinnott,TE,WAS,2.977762964632416,-107.418115131134
346,13,Zaire Mitchell-Paden,TE,BAL,2.9668509153095752,-107.60361996962232
347,13,Luke Schoonmaker,TE,DAL,2.9561199383046644,-107.78604657870578
348,13,Stone Smartt,TE,NYJ,2.9491411587207934,-107.90468583163158
349,13,E.J. Jenkins,TE,PHI,2.939767581976242,-108.06403663628896
350,13,Curtis Samuel,WR,BUF,5.055166028212673,-108.41556026101216
351,13,Hunter Long,TE,JAX,2.918806589251707,-108.42037351260606
352,13,Adonai Mitchell,WR,IND,5.044749805530808,-108.59263604660386
353,13,Zay Jones,WR,ARI,5.030690364874035,-108.831646537769
354,13,Brenden Bates,TE,CLE,2.8871574172514123,-108.95840943661108
355,13,Charlie Kolar,TE,BAL,2.8757793553353537,-109.15183648918406
356,13,Lucas Krull,TE,DEN,2.840112043797161,-109.75818078533334
357,13,Matthew Golden,WR,GB,4.956848659246614,-110.08695553343516
358,13,Jared Wiley,TE,KC,2.8168509153095758,-110.15361996962228
359,13,Nick Westbrook-Ikhine,WR,MIA,4.937903621554906,-110.4090211741942
360,13,Johnny Mundt,TE,JAX,2.764029277770419,-111.05158780778795
361,13,Blake Bell,TE,KC,2.748204479829706,-111.32060937278007
362,13,MyCole Pruitt,TE,PIT,2.744388867481386,-111.38547478270152
363,13,Ray Davis,RB,BUF,4.75930077711026,-111.46609711832163
364,13,Nate Adkins,TE,DEN,2.7373330699308176,-111.50542334106117
365,13,Chris Conley,WR,SF,4.862727490724934,-111.68701539830371
366,13,Keaton Mitchell,RB,BAL,4.732730706476684,-111.91778831909242
367,13,Braelon Allen,RB,NYJ,4.700196412712367,-112.47087131308581
368,13,Jaret Patterson,RB,LAC,4.6976692570342,-112.51383295961466
369,13,Anthony Firkser,TE,DET,2.6751381864821813,-112.562736359688
370,13,Lil'Jordan Humphrey,WR,DEN,4.7885988614398896,-112.94720209614947
371,13,John Shenker,TE,LV,2.647406470865131,-113.03417552517786
372,13,Shedeur Sanders,QB,CLE,10.027471274025686,-113.19269242201615
373,13,Will Mallory,TE,IND,2.6325728230179406,-113.28634753858009
374,13,Cam Grandy,TE,CIN,2.631388186482181,-113.306486359688
375,13,Tim Patrick,WR,JAX,4.765091971502532,-113.34681922508456
376,13,Joseph Fortson,TE,KC,2.6251842486429084,-113.41195330295564
377,13,Kenny Yeboah,TE,NYJ,2.6239875684330647,-113.43229686652298
378,13,Jaydon Blue,RB,DAL,4.6429119167645805,-113.44470774419818
379,13,Jaheim Bell,TE,NE,2.6126658237786176,-113.62476652564858
380,13,Josh Reynolds,WR,NYJ,4.741430003085978,-113.74907268816597
381,13,Carter Runyon,TE,LV,2.6029620264206863,-113.78973108073342
382,13,JuJu Smith-Schuster,WR,KC,4.737320735066231,-113.81893024450166
383,13,Nelson Agholor,WR,BAL,4.721512420668395,-114.08767158926489
384,13,Quintin Morris,TE,JAX,2.5819349235600253,-114.14719182936464
385,13,Ameer Abdullah,RB,IND,4.585929852457438,-114.41340283741961
386,13,Ben Sims,TE,MIN,2.545525872164185,-114.76614570309394
387,13,Julio Jones,WR,PHI,4.681212370352306,-114.7727724446384
388,13,Tyquan Thornton,WR,KC,4.668620998797098,-114.98682576107693
389,13,Jahdae Walker,WR,CHI,4.653081098744357,-115.25100406197353
390,13,Roman Wilson,WR,PIT,4.649131545662152,-115.31814646437101
391,13,Royce Freeman,RB,LA,4.521884181435905,-115.50217924478567
392,13,Jaylen Wright,RB,MIA,4.484997752404157,-116.12924853832538
393,13,Luke Farrell,TE,SF,2.459585472966642,-116.22713248945216
394,13,Tanner Conner,TE,MIA,2.459467124321454,-116.22914441642035
395,13,John Bates,TE,WAS,2.401262046196772,-117.21863074453996
396,13,Luke McCaffrey,WR,WAS,4.519322607642575,-117.52489841070381
397,13,Cam Akers,RB,MIN,4.402005074183236,-117.54012406808104
398,13,Ian Thomas,TE,LV,2.382221898034511,-117.5423132632984
399,13,Kalif Raymond,WR,DET,4.485582600953547,-118.09847852441729
400,13,Sean Tucker,RB,TB,4.367917731557196,-118.11960889272372
401,13,Tre Harris,WR,LAC,4.478953326587831,-118.21117618863447
402,13,Jack Westover,TE,NE,2.3126658237786177,-118.72476652564858
403,13,Jamison Crowder,WR,WAS,4.448091599441936,-118.73582555011468
404,13,Kyle Philips,WR,TEN,4.44549808463802,-118.77991530178126
405,13,Giovanni Ricci,TE,DET,2.281237252350046,-119.2590522399343
406,13,John Metchie III,WR,NYJ,4.417312899218924,-119.25906345390588
407,13,Eric Tomlinson,TE,LAC,2.2751507488896525,-119.36252279876099
408,13,Peyton Hendershot,TE,KC,2.260666223041378,-119.60875973818166
409,13,Julian Hill,TE,MIA,2.251781021320727,-119.75980816743271
410,13,Robert Woods,WR,HOU,4.3804992113215375,-119.88489614816146
411,13,Tip Reiman,TE,ARI,2.242836513987422,-119.91186479209891
412,13,Van Jefferson,WR,TEN,4.378339588808142,-119.92160973088917
413,13,Teagan Quitoriano,TE,ATL,2.2409516146905184,-119.94390808014627
414,13,Kylen Granson,TE,PHI,2.2377464266214866,-119.99839627731981
415,13,John FitzPatrick,TE,GB,2.2337369723621125,-120.06655699972916
416,13,Shedrick Jackson,WR,LV,4.369594964863973,-120.07026833794005
417,13,Damien Williams,RB,ARI,4.24133678715671,-120.27148494753199
418,13,Jonathon Brooks,RB,CAR,4.24133678715671,-120.27148494753199
419,13,Odell Beckham Jr.,WR,MIA,4.353233736196561,-120.34840922528606
420,13,Devontez Walker,WR,BAL,4.350704304996016,-120.39140955569532
421,13,Justin Shorter,TE,LV,2.2126658237786176,-120.42476652564858
422,13,Nick Kallerup,TE,SEA,2.2126658237786176,-120.42476652564858
423,13,David Sills,WR,ATL,4.346498510274016,-120.46290806596932
424,13,Zavier Scott,RB,MIN,4.227766534377082,-120.50217924478567
425,13,Mitchell Tinsley,WR,CIN,4.338355227495162,-120.60134387320984
426,13,Isaiah Davis,RB,NYJ,4.213136327686451,-120.75089275852639
427,13,Payne Durham,TE,TB,2.192737794206649,-120.76354302837204
428,13,Brandon Johnson,WR,PIT,4.299586657937193,-121.2604095556953
429,13,Geoff Swaim,TE,CLE,2.1492151904580106,-121.5034272920989
430,13,Andrew Ogletree,TE,IND,2.1459505468537454,-121.55892623337141
431,13,Durham Smythe,TE,CHI,2.14458129110949,-121.58220358102375
432,13,Malik Willis,QB,GB,9.533699879797757,-121.58680612389095
433,13,Jesper Horsted,TE,LV,2.1387871125260163,-121.6807046169428
434,13,Ben Yurosek,TE,MIN,2.1272215198155147,-121.87731969302133
435,13,Dyami Brown,WR,JAX,4.260145274686089,-121.9309130709641
436,13,Damien Harris,RB,BUF,4.139335923700866,-122.00549962628133
437,13,Jaylin Noel,WR,HOU,4.240737964562273,-122.26083734306896
438,13,Trevon Wesco,TE,TEN,2.1022215198155147,-122.30231969302132
439,13,Harrison Bryant,TE,HOU,2.100859943154393,-122.32546649626039
440,13,Joshua Dobbs,QB,NE,9.49016724678772,-122.32686088506156
441,13,J.J. Taylor,RB,HOU,4.119114564934487,-122.34926272530977
442,13,Marquez Valdes-Scantling,WR,PIT,4.214388279455532,-122.70878198988355
443,13,Chris Moore,WR,WAS,4.212559810881071,-122.73986595564938
444,13,Philip Rivers,QB,IND,9.460510870706624,-122.8310192784402
445,13,Brashard Smith,RB,KC,4.085740481930886,-122.91662213637099
446,13,Israel Abanikanda,RB,NYJ,4.081002590367532,-122.99716629294801
447,13,Mitchell Wilcox,TE,CIN,2.040369902099232,-123.35379719419814
448,13,Tyrod Taylor,QB,NYJ,9.411624909848316,-123.66208061303145
449,13,Jalen Guyton,WR,LAC,4.156690244994791,-123.68964857571615
450,13,C.J. Uzomah,TE,PHI,2.001666139861636,-124.01176115223727
451,13,Jahan Dotson,WR,PHI,4.13366458882896,-124.08108473053527
452,13,Patrick Taylor,RB,SF,4.01189739907987,-124.17195454483827
453,13,Corey Kiner,RB,ARI,3.997203108441039,-124.4217574856984
454,13,Joe Milton III,QB,DAL,9.357690712396328,-124.57896196971522
455,13,Tucker Fisk,TE,LAC,1.9477376516128064,-124.92854545246738
456,13,Stephen Sullivan,TE,CAR,1.9356857786933048,-125.1334272920989
457,13,Brevyn Spann-Ford,TE,DAL,1.9340378529356688,-125.16144202997872
458,13,Jack Stoll,TE,NO,1.924529590342204,-125.3230824940676
459,13,Rashaad Penny,RB,PHI,3.9413367871567098,-125.371484947532
460,13,Xavier Hutchinson,WR,HOU,4.050457774686089,-125.49560057096407
461,13,AJ Dillon,RB,PHI,3.90600115127446,-125.97219075753024
462,13,Jashaun Corbin,RB,NYG,3.8857812316011535,-126.31592939197644
463,13,Isaiah Bond,WR,CLE,3.9922368183301087,-126.48535682901574
464,13,Clyde Edwards-Helaire,RB,KC,3.8752279100430815,-126.49533585846368
465,13,Kevin Rader,TE,TEN,1.825127556752783,-127.01291706508778
466,13,Eric Saubert,TE,SEA,1.811110830148428,-127.25120141736181
467,13,Darius Cooper,WR,PHI,3.944747765411023,-127.2926707286402
468,13,Pharaoh Brown,TE,ARI,1.803475115385364,-127.3810085683339
469,13,Ross Dwelley,TE,DET,1.801666139861636,-127.41176115223726
470,13,Josiah Deguara,TE,ARI,1.796918154888084,-127.49247689678765
471,13,Bo Melton,WR,GB,3.930193699581453,-127.54008984774289
472,13,Blake Whiteheart,TE,CLE,1.7932030800725318,-127.55563316865204
473,13,Kyle Williams,WR,NE,3.9168486592466136,-127.76695553343517
474,13,Isaiah Hodgins,WR,NYG,3.914262647761187,-127.81091772868741
475,13,Trey Palmer,WR,TB,3.88829805595023,-128.2523157894737
476,13,Robert Tonyan,TE,KC,1.7513329118893088,-128.26742602776685
477,13,Jamaal Williams,RB,NO,3.760993948944837,-128.43731319713385
478,13,Mike Woods,WR,CLE,3.87608847135748,-128.45987872755043
479,13,Jeremy McNichols,RB,WAS,3.7546642585746257,-128.54491793342743
480,13,Anthony McFarland,RB,PIT,3.752447898267821,-128.5825960586431
481,13,Charlie Woerner,TE,ATL,1.7327698272020542,-128.58299846745015
482,13,Tank Bigsby,RB,JAX,3.7504230392706255,-128.6170186615954
483,13,Michael Bandy,WR,DEN,3.86634821161722,-128.62546314313485
484,13,Rod Williams,TE,PIT,1.7020506336758598,-129.10522475739546
485,13,David Martin-Robinson,TE,TEN,1.688390652015792,-129.3374444456166
486,13,Zamir White,RB,LV,3.701860346387825,-129.44258444060304
487,13,Derrick Gore,RB,WAS,3.696892342712265,-129.52704050308756
488,13,Matt Breida,RB,NYG,3.693906242114781,-129.57780421324478
489,13,Ollie Gordon II,RB,MIA,3.6857404819308863,-129.716622136371
490,13,Malik Davis,RB,DAL,3.6807077108476713,-129.80217924478563
491,13,DJ Giddens,RB,IND,3.661093734946399,-130.13561683510727
492,13,Malik Heath,WR,GB,3.773784820450124,-130.1990407929755
493,13,Marvin Jones,WR,DET,3.763697318493228,-130.37052832624272
494,13,Chris Evans,RB,CIN,3.64133678715671,-130.471484947532
495,13,Brandon Bolden,RB,LV,3.615639189491853,-130.90834410783455
496,13,Ty Chandler,RB,MIN,3.610702262237629,-130.99227187115636
497,13,Ronnie Bell,WR,NO,3.722002004320368,-131.07934866718134
498,13,Sean McKeon,TE,DAL,1.5804755884132984,-131.172000526859
499,13,Aaron Shampklin,RB,PIT,3.5968923427122657,-131.22704050308752
500,13,Marcedes Lewis,TE,DEN,1.5639254576547876,-131.4533527497537
501,13,Lynn Bowden,WR,NO,3.6883552274951623,-131.65134387320984
502,13,Justin Watson,WR,HOU,3.684383927818776,-131.7188559677084
503,13,Khalil Herbert,RB,NYJ,3.566824443659129,-131.73819478699085
504,13,Roschon Johnson,RB,CHI,3.562581546341029,-131.81032404139856
505,13,Equanimeous St. Brown,WR,CHI,3.6669975622665705,-132.0144241820959
506,13,Darrynton Evans,RB,CHI,3.548617775723877,-132.04770814189015
507,13,Tyler Huntley,QB,BAL,8.917171325540933,-132.06779154625696
508,13,Ryan Tannehill,QB,TEN,8.901639855757306,-132.33182653257862
509,13,Robbie Chosen,WR,WAS,3.6460608240582673,-132.37034873163705
510,13,Nick Bawden,RB,NYJ,3.514335923700866,-132.63049962628133
511,13,Jimmy Horn Jr.,WR,CAR,3.6148108240582673,-132.90159873163705
512,13,Alex Armah,RB,WAS,3.497203108441039,-132.92175748569838
513,13,Chase Claypool,WR,CHI,3.6092827363685656,-132.995576222362
514,13,Chris Manhertz,TE,NYG,1.4667377580828758,-133.1055436424762
515,13,Elijah Cooks,WR,JAX,3.593697318493228,-133.2605283262427
516,13,Dante Pettis,WR,NO,3.5800896902241943,-133.4918580068163
517,13,Jack Bech,WR,LV,3.5768486592466138,-133.54695553343515
518,13,Cordarrelle Patterson,RB,PIT,3.451579166494628,-133.69736449878738
519,13,Terrell Jennings,RB,NE,3.449192696505504,-133.7379344886025
520,13,K.J. Osborn,WR,NE,3.530338328033296,-134.33763116406155
521,13,Ray-Ray McCloud,WR,ATL,3.5277310532910304,-134.38195483468007
522,13,Dwayne Washington,RB,DEN,3.4080034538233765,-134.43815161419866
523,13,Casey Washington,WR,ATL,3.5201517834563294,-134.51080242186998
524,13,Cameron Latu,TE,PHI,1.382916139861636,-134.53051115223727
525,13,Cedrick Wilson Jr.,WR,MIA,3.515529752417505,-134.58937694953002
526,13,Treylon Burks,WR,WAS,3.514951423271391,-134.59920854501394
527,13,Jeff Wilson,RB,MIA,3.389911946838279,-134.7457072329453
528,13,Deuce Vaughn,RB,DAL,3.367531240259435,-135.12617924478565
529,13,Tyler Badie,RB,DEN,3.360818743376416,-135.24029169179698
530,13,Anthony Richardson,QB,IND,8.710294767588756,-135.58469303144395
531,13,Cody White,WR,SEA,3.449967074058267,-135.70394248163706
532,13,Isaiah Spiller,RB,LAC,3.3114687389606927,-136.07924176686427
533,13,Ramel Keyton,WR,LV,3.4263303538813643,-136.10576672464438
534,13,Quinn Ewers,QB,MIA,8.666459783635961,-136.32988775864146
535,13,Colson Yankoff,TE,WAS,1.2725829118893088,-136.40617602776683
536,13,Chris Blair,WR,ATL,3.4061914649924754,-136.44812783575554
537,13,Konata Mumpfield,WR,LA,3.3960608240582677,-136.62034873163705
538,13,Erik Ezukanma,WR,MIA,3.3841081316591417,-136.82354450242218
539,13,Zach Evans,RB,LA,3.257203108441039,-137.00175748569842
540,13,Keith Kirkwood,WR,NO,3.372074860379406,-137.02811011417768
541,13,Cody Thompson,WR,TB,3.3707747983258085,-137.05021116908887
542,13,Richie James,WR,KC,3.369131545662152,-137.07814646437103
543,13,Brayden Willis,TE,SF,1.229258790988121,-137.14268608308703
544,13,Beaux Collins,WR,NYG,3.363697318493228,-137.1705283262427
545,13,Dylan Drummond,WR,ATL,3.361414432077689,-137.20933739530687
546,13,Chris Brooks,RB,GB,3.191123931124644,-138.1251035000771
547,13,Dalvin Cook,RB,DAL,3.1853520622783944,-138.22322527046336
548,13,Ko Kieft,TE,TB,1.156507535132675,-138.3794574326296
549,13,Pierre Strong,RB,CLE,3.150453635378758,-138.81649852775718
550,13,Scott Miller,WR,PIT,3.260963328033296,-138.91700616406158
551,13,Efton Chism III,WR,NE,3.259783798923734,-138.93705815892412
552,13,Tommy DeVito,QB,NYG,8.510414251812003,-138.98266179964875
553,13,Jaylin Lane,WR,WAS,3.2541415802348705,-139.0329758766348
554,13,Kalel Mullings,RB,TEN,3.137203108441039,-139.04175748569838
555,13,Jordan Whittington,WR,LA,3.2508778052837792,-139.08846005080335
556,13,Terrace Marshall Jr.,WR,LV,3.2419985886806466,-139.2394067330566
557,13,Kenny McIntosh,RB,SEA,3.121884181435906,-139.30217924478566
558,13,Dalen Cambre,WR,NYG,3.237441464992475,-139.31687783575552
559,13,Jalen Virgil,WR,BUF,3.237441464992475,-139.31687783575552
560,13,David Moore,WR,CAR,3.2368324394977432,-139.32723126916596
561,13,Carson Steele,RB,KC,3.0827384781268625,-139.9676562010394
562,13,Robbie Ouzts,RB,SEA,3.067203108441039,-140.2317574856984
563,13,Mason Tipton,WR,NO,3.180864776156476,-140.27868154596752
564,13,Alex Erickson,WR,NE,3.1762925402901345,-140.3564095556953
565,13,Nyheim Hines,RB,LAC,3.0538697751077057,-140.45842415236507
566,13,Myles Gaskin,RB,SEA,3.0440482804009443,-140.62538956237998
567,13,Evan Hull,RB,NO,3.03118187828798,-140.8441183983004
568,13,Savion Williams,WR,GB,3.1464985102740157,-140.86290806596932
569,13,Jermaine Burton,WR,CIN,3.131212370352306,-141.1227724446384
570,13,Byron Pringle,WR,WAS,3.1177354307859098,-141.35188041726713
571,13,Trenton Irwin,WR,CIN,3.1165405493721785,-141.37219340130056
572,13,Feleipe Franks,TE,ATL,0.9737329961781136,-141.48662459485715
573,13,Dan Chisena,WR,CAR,3.105633925902934,-141.55760600027773
574,13,Dont'e Thornton Jr.,WR,LV,3.096292540290134,-141.71640955569532
575,13,Jalen Reagor,WR,LAC,3.0927195603540647,-141.7771502146085
576,13,Ja'Lynn Polk,WR,NE,3.091848659246613,-141.79195553343516
577,13,Ke'Shawn Vaughn,RB,SF,2.9320025903675324,-142.530166292948
578,13,Colton Dowell,WR,TEN,3.043697318493228,-142.61052832624273
579,13,Desmond Ridder,QB,LV,8.28848453216768,-142.75546703360226
580,13,Austin Trammell,WR,JAX,3.024796661366629,-142.9318394973949
581,13,Jake Browning,QB,CIN,8.256087780440588,-143.30621181296283
582,13,Tanner McKee,QB,PHI,8.233924819696632,-143.68298214561005
583,13,Isaac Guerendo,RB,SF,2.8458566753244963,-143.99464684867962
584,13,Ryan Miller,WR,TB,2.957790549372178,-144.07094340130058
585,13,Aidan O'Connell,QB,LV,8.202897562962814,-144.21044551008498
586,13,Jonathan Ward,RB,PIT,2.8310025903675324,-144.247166292948
587,13,Rakim Jarrett,WR,TB,2.9420667503028977,-144.33824798547835
588,13,Randall Cobb,WR,NYJ,2.9357982123288187,-144.44481313103768
589,13,Jermaine Jackson,WR,NO,2.903697318493228,-144.99052832624272
590,13,Chris Collier,RB,BAL,2.7810025903675326,-145.09716629294797
591,13,Malachi Corley,WR,CLE,2.882440863112997,-145.35188806770665
592,13,Donovan Peoples-Jones,WR,CLE,2.881848659246614,-145.36195553343515
593,13,Jason Brownlee,WR,KC,2.8797671680717136,-145.39734088340845
594,13,Andre Baccellia,WR,ARI,2.8760884713574795,-145.45987872755043
595,13,Samori Toure,WR,NO,2.838179164709771,-146.1043369405615
596,13,Allen Robinson,WR,DET,2.8317397475900843,-146.21380703159616
597,13,KeAndre Lambert-Smith,WR,LAC,2.827310824058268,-146.28909873163704
598,13,Jamari Thrash,WR,CLE,2.816379909246613,-146.47492428343517
599,13,Boston Scott,RB,PHI,2.692890615800577,-146.59506986058625
600,13,Jimmy Garoppolo,QB,LA,8.041553374127595,-146.9532967202837
601,13,Gary Brightwell,RB,CIN,2.6716946988007995,-146.95540044958247
602,13,Collin Johnson,WR,CHI,2.779767168071713,-147.0973408834085
603,13,Dameon Pierce,RB,HOU,2.6581668745205693,-147.18537346234638
604,13,Keaontay Ingram,RB,KC,2.648002220315028,-147.35817258384057
605,13,Johnny Wilson,WR,PHI,2.746060824058268,-147.67034873163703
606,13,JaMycal Hasty,RB,NE,2.5995805833900203,-148.1813404115657
607,13,River Cracraft,WR,WAS,2.709910869382401,-148.28489796112677
608,13,Marquise Goodwin,WR,CLE,2.696060824058267,-148.52034873163703
609,13,Xavier Weaver,WR,ARI,2.6763934504240567,-148.85469408341865
610,13,Hunter Luepke,RB,DAL,2.5555136934768594,-148.93047754008944
611,13,Dare Ogunbowale,RB,HOU,2.540050426214411,-149.19335308355107
612,13,Matthew Slater,WR,NE,2.6488157440847524,-149.3235150911868
613,13,Bryce Ford-Wheaton,WR,NYG,2.6488157440847524,-149.3235150911868
614,13,Montrell Washington,WR,KC,2.6488157440847524,-149.3235150911868
615,13,Justyn Ross,WR,KC,2.6469466552512007,-149.35528960135719
616,13,Elijah Mitchell,RB,KC,2.526512549422511,-149.42349698901336
617,13,LeQuint Allen Jr.,RB,JAX,2.5214559583822904,-149.5094590366971
618,13,Bryce Oliver,WR,TEN,2.626724886558267,-149.69905966913703
619,13,Parris Campbell,WR,DAL,2.6253320564253464,-149.72273778139672
620,13,Isaiah McKenzie,WR,IND,2.6177354307859093,-149.85188041726713
621,13,Jonathan Mingo,WR,DAL,2.6135717655207427,-149.92266272677497
622,13,George Holani,RB,SEA,2.4952384781268626,-149.9551562010394
623,13,Javon Baker,WR,NE,2.61141443207769,-149.95933739530685
624,13,Ronnie Rivers,RB,LA,2.493223373496681,-149.98941297975247
625,13,Riley Leonard,QB,IND,7.862236166941781,-150.00168924244255
626,13,Joshua Kelley,RB,TEN,2.4921189422425902,-150.00818831107205
627,13,Trevor Siemian,QB,NYJ,7.858599803305418,-150.06350742426073
628,13,Kaleb Johnson,RB,PIT,2.4670019427756493,-150.43517730201
629,13,Brandon Powell,WR,MIN,2.570252329025413,-150.65909314719556
630,13,Mike Boone,RB,CAR,2.442979331998297,-150.843561685225
631,13,Jordan Mims,RB,TEN,2.437545946141788,-150.93592924478568
632,13,Simi Fehoko,WR,ARI,2.544617770711061,-151.09488063853956
633,13,Jalin Hyatt,WR,NYG,2.541020479276453,-151.1560345929279
634,13,Jalen Brooks,WR,DAL,2.521507515659789,-151.4877549744112
635,13,Xavier Smith,WR,LA,2.520018848390976,-151.513062317981
636,13,Mason Rudolph,QB,PIT,7.773178166798242,-151.5156752448827
637,13,Hassan Haskins,RB,LAC,2.3707832035376626,-152.0708958690558
638,13,Braxton Berrios,WR,HOU,2.483733537029134,-152.1299126111323
639,13,Tyler Goodson,RB,IND,2.364302450757432,-152.1810686663197
640,13,Godwin Igwebuike,RB,PIT,2.3593870064931077,-152.2646312188132
641,13,Dillon Gabriel,QB,CLE,7.722787364772476,-152.37231887932072
642,13,Isaiah Williams,WR,NYJ,2.45634285799662,-152.59555415468503
643,13,Bailey Zappe,QB,CLE,7.706105755079977,-152.6559062440932
644,13,Kadarius Toney,WR,CLE,2.4522400398745443,-152.66530206276033
645,13,British Brooks,RB,HOU,2.321298817775649,-152.91213042701003
646,13,Jake Bobo,WR,SEA,2.4257579625271277,-153.11549737766643
647,13,Ben VanSumeren,RB,PHI,2.305145077457885,-153.18674401241202
648,13,Tom Kennedy,WR,DET,2.417464878995485,-153.25647979770434
649,13,Miles Boykin,WR,PIT,2.4169266560665914,-153.26562958749554
650,13,Laviska Shenault Jr.,WR,SEA,2.4117905493721783,-153.35294340130056
651,13,Mecole Hardman,WR,BUF,2.3974804883308254,-153.59621443900357
652,13,Andy Dalton,QB,CAR,7.639366546464423,-153.79047279055763
653,13,Trayveon Williams,RB,CLE,2.258319123770012,-153.98278522510583
654,13,Trey Sermon,RB,PIT,2.245094721387825,-154.20760006560306
655,13,Brycen Tremayne,WR,CAR,2.3016075297796643,-155.2260547343733
656,13,Ty Montgomery,WR,NE,2.296292540290134,-155.31640955569532
657,13,Tyler Scott,WR,CHI,2.2950690682412027,-155.33720858052715
658,13,Gage Larvadain,WR,CLE,2.291419641312225,-155.39924883831978
659,13,Rasheen Ali,RB,BAL,2.1341806827337333,-156.09313872272259
660,13,Velus Jones Jr.,WR,NO,2.249186674108178,-156.1172092807886
661,13,Arian Smith,WR,NYJ,2.244051220259593,-156.20451199621453
662,13,Ashton Dulin,WR,IND,2.2266062483146056,-156.50107651927928
663,13,Davis Mills,QB,HOU,7.476385611255219,-156.56114868911408
664,13,Craig Reynolds,RB,DET,2.105347776916464,-156.58329812161617
665,13,Brady Cook,QB,NYJ,7.4495088942145085,-157.01805287880617
666,13,Tylan Wallace,WR,BAL,2.18851741567339,-157.14858667417997
667,13,Tahj Brooks,RB,CIN,2.059557282467244,-157.3617365272529
668,13,Chase Edmonds,RB,WAS,2.0287486656749976,-157.8854830127211
669,13,Will Shipley,RB,PHI,2.012253938954827,-158.165893366964
670,13,KhaDarel Hodge,WR,ATL,2.121676052360901,-158.28488985049228
671,13,Tim Jones,WR,JAX,2.1031528148050875,-158.59978488894112
672,13,Laquon Treadwell,WR,IND,2.091036307566914,-158.80576551199007
673,13,Trevor Etienne,RB,CAR,1.929218742800452,-159.57749170158837
674,13,DJ Turner,WR,LV,2.0264220455743183,-159.9042079658642
675,13,Patrick Ricard,RB,BAL,1.8881031509738404,-160.27645676264078
676,13,Jacob Cowing,WR,SF,1.992236818330108,-160.48535682901576
677,13,Jacob Saylors,RB,DET,1.8689430049653173,-160.60217924478567
678,13,Ke'Shawn Williams,WR,CIN,1.9835474422509185,-160.63307622236198
679,13,Gunner Olszewski,WR,NYG,1.972737773413041,-160.8168405926059
680,13,Jakob Johnson,RB,HOU,1.8398253579064936,-161.09717924478568
681,13,Tai Felton,WR,MIN,1.9242762880517927,-161.64068584374712
682,13,James Proche,WR,TEN,1.9170528984386757,-161.7634834671701
683,13,Jamal Agnew,WR,ATL,1.903871491298602,-161.98756738855135
684,13,Deven Thompkins,WR,ATL,1.8922069169284372,-162.18586515284417
685,13,Raheem Blackshear,RB,CAR,1.7725744794254248,-162.24044417896386
686,13,Trent Sherfield,WR,ARI,1.8617140748893424,-162.70424346750877
687,13,Josh Johnson,QB,WAS,7.112869705360996,-162.74091908931587
688,13,Dee Eskridge,WR,MIA,1.838065402217675,-163.10627090292712
689,13,D'Ernest Johnson,RB,ARI,1.7144110534464203,-163.2292224206069
690,13,Mason Kinsey,WR,TEN,1.8177905493721784,-163.45094340130055
691,13,Skyy Moore,WR,SF,1.8144809228297984,-163.50720705252104
692,13,Alex Bachman,WR,LV,1.7893665497283266,-163.93415139524606
693,13,PJ Walker,QB,CLE,7.0404179851236,-163.9725983333516
694,13,Deonte Harty,WR,BAL,1.7791471549974918,-164.10788110567023
695,13,Britain Covey,WR,PHI,1.7771970786958002,-164.141032402799
696,13,Derius Davis,WR,LAC,1.7653133237566667,-164.34305623676426
697,13,Taylor Heinicke,QB,LAC,7.014439855757307,-164.4142265325786
698,13,Ben Skowronek,WR,PIT,1.7465519838067358,-164.6619990159131
699,13,Trent Taylor,WR,SF,1.7285350660115482,-164.96828661843125
700,13,Sione Vaki,RB,DET,1.606120916713495,-165.07015474506665
701,13,Nikko Remigio,WR,KC,1.695578927397291,-165.52854097487366
702,13,Zach Pascal,WR,ARI,1.6949985886806462,-165.53840673305663
703,13,Jha'Quan Jackson,WR,TEN,1.6909429547184598,-165.60735251041376
704,13,Jaelon Darden,WR,CLE,1.6853873991629045,-165.70179695485822
705,13,Eric Gray,RB,NYG,1.5671853345201507,-165.7320596423535
706,13,Kameron Johnson,WR,TB,1.6654829393112172,-166.0401727723369
707,13,Dareke Young,WR,SEA,1.6334987811332853,-166.58390346136173
708,13,Mitchell Trubisky,QB,BUF,6.878054253754765,-166.7327817666218
709,13,Tim Boyle,QB,MIA,6.8574664863633,-167.0827738122767
710,13,Steven Sims,WR,ARI,1.5926031186964087,-167.27912972278864
711,13,Kene Nwangwu,RB,NYJ,1.3931550417080922,-168.6905746201585
712,13,LaJohntay Wester,WR,BAL,1.456848659246614,-169.58695553343517
713,13,Irvin Charles,WR,NYJ,1.456848659246614,-169.58695553343517
714,13,Chris Oladokun,QB,KC,6.690126450302627,-169.92755442530813
715,13,Reggie Gilliam,RB,BUF,1.2957314793997314,-170.3467751794006
716,13,Anthony Gould,WR,IND,1.3953141546700183,-170.63304211123727
717,13,Avery Williams,RB,NYJ,1.2780012951837665,-170.648188311072
718,13,Julius Chestnut,RB,TEN,1.255415173840297,-171.03215237391103
719,13,Jaren Hall,QB,MIN,6.622733092928845,-171.07324150066245
720,13,Travis Homer,RB,CHI,1.238087278772772,-171.32672659005894
721,13,Dylan Laube,RB,LV,1.2238580698478227,-171.56862314178306
722,13,Xavier Gipson,WR,NYJ,1.3386128015479737,-171.59696511431204
723,13,Myles Price,WR,MIN,1.3244078720423762,-171.83844891590718
724,13,Ihmir Smith-Marsette,WR,NYG,1.291839851615865,-172.39210526315787
725,13,DeeJay Dallas,RB,CAR,1.143176731419309,-172.9402058950678
726,13,Devin Duvernay,WR,CHI,1.2007379327611074,-173.94083788368877
727,13,DeAndre Carter,WR,CLE,1.1431935603925378,-174.91909221395446
728,13,Sam Howell,QB,SEA,6.395348439260082,-174.9387806130314
729,13,Brady Russell,RB,SEA,1.022401036147013,-174.99339271469682
730,13,Charlie Jones,WR,CIN,1.0459695609158528,-176.57190020505809
731,13,Brett Rypien,QB,CIN,6.265590235785988,-177.14467007209103
732,13,C.J. Beathard,QB,JAX,6.245383153029967,-177.48819047894338
733,13,Hendon Hooker,QB,DET,6.240510870706623,-177.57101927844025
734,13,Drew Lock,QB,SEA,6.169296558484646,-178.78166258621383
735,13,Gardner Minshew,QB,KC,6.116599939898878,-179.6775051021719
736,13,Jarrett Stidham,QB,DEN,6.084508894214509,-180.2230528788062
737,13,Jalen Milroe,QB,SEA,5.987177537373289,-181.87768594510692
738,13,Brandon Allen,QB,TEN,5.9864597836359605,-181.88988775864146
739,13,Trey Lance,QB,LAC,5.890328416882829,-183.5241209934447
740,14,Teddy Bridgewater,QB,TB,5.599888355064532,-188.46160204435577
741,15,Kenny Pickett,QB,LV,5.139694178265274,-196.28490304994318
742,15,Tyson Bagent,QB,CHI,5.032911637432918,-198.10020624409321
743,15,Zach Wilson,QB,MIA,4.86038215273496,-201.03320748395848
744,15,Kyle Trask,QB,TB,4.834963439669054,-201.46532560607892
745,15,Dorian Thompson-Robinson,QB,CLE,4.818738231988851,-201.74115413664234
746,15,Jake Haener,QB,NO,4.766042702597114,-202.63697813630185
747,15,Nick Mullens,QB,JAX,4.705863044018927,-203.66003233213107
748,15,Mike White,QB,BUF,4.621789577155868,-205.08928126880306
749,15,Max Brosmer,QB,MIN,4.592661372027663,-205.58446075598255
750,15,Cooper Rush,QB,BAL,4.538582191401563,-206.50380682662623
751,16,Kyle Allen,QB,DET,3.631439855757307,-221.9252265325786
752,17,Clayton Tune,QB,GB,3.320975324720681,-227.20312356020122
